pnl,payoff,hedging_error
6.121932511963187,38.50174907609528,-32.37981656413209
9.550006842903255,16.42277392219094,-6.872767079287687
-5.352404734016412,37.478566188438265,-42.830970922454675
-13.169567983720365,44.10551003848806,-57.275078022208426
-27.52138497162956,56.00833249559591,-83.52971746722547
15.615698538453561,68.40488269282324,-52.78918415436968
-0.008659596484743126,14.1748004988128,-14.183460095297544
-2.4540524291992223,84.71841640098421,-87.17246883018343
-20.637649442626643,58.85181771072686,-79.4894671533535
10.840553119668964,4.520436904009657,6.320116215659308
7.253627205923127,56.81792375153185,-49.56429654560873
-0.00010580077039524916,0.0,-0.00010580077039524916
-3.9935046873350037,44.1370891496247,-48.130593836959704
19.666022053725666,63.96989051968444,-44.30386846595877
-2.2124531581443904e-07,0.0,-2.2124531581443904e-07
2.3798355708559065,85.11768655215994,-82.73785098130404
-1.7750409908157272,23.855912152458643,-25.630953143274372
-16.31934842228369,42.99204418705958,-59.311392609343265
24.182731881893414,62.23878060135186,-38.056048719458445
18.65550471884543,39.69497531068092,-21.039470591835485
21.820012501784333,61.80245044184667,-39.98243794006234
-4.737581412633415e-10,0.0,-4.737581412633415e-10
16.600746830999917,54.777319216260736,-38.17657238526082
9.720228155400022e-13,0.0,9.720228155400022e-13
0.0714374347398939,0.0,0.0714374347398939
-2.7114506765075475,28.52845734240961,-31.239908018917156
30.23878237342163,43.10039954091988,-12.861617167498252
4.1459143498106383e-26,0.0,4.1459143498106383e-26
16.086022822584876,66.76730735629212,-50.68128453370724
-3.5790623626577887,85.18210736443015,-88.76116972708795
-4.008402740174694e-25,0.0,-4.008402740174694e-25
3.6288154377977606,24.811815748027726,-21.183000310229964
15.616059288929687,54.0297716926126,-38.41371240368291
11.766946484138472,54.323171578201595,-42.55622509406312
2.3045815585412673e-63,0.0,2.3045815585412673e-63
1.9952597202601657e-33,0.0,1.9952597202601657e-33
0.21700932816773721,0.0,0.21700932816773721
2.25933720718154e-08,0.0,2.25933720718154e-08
-5.066531130783551e-20,0.0,-5.066531130783551e-20
-1.583422537882565,74.98826270009957,-76.57168523798214
0.5633327733517083,26.263752208036536,-25.70041943468483
8.736161673135387,65.51335383396523,-56.77719216082984
1.0885603989062804e-11,0.0,1.0885603989062804e-11
-6.48906931823924,28.422083536783845,-34.91115285502308
16.086022822584876,66.76730735629212,-50.68128453370724
21.324984332367922,82.14128950530409,-60.81630517293617
-1.4263043142989789,28.4776518578623,-29.903956172161276
-6.943251077582688e-11,0.0,-6.943251077582688e-11
-3.2758974226066247e-06,0.0,-3.2758974226066247e-06
1.153973820038276e-16,0.0,1.153973820038276e-16
-1.2325631916998996,57.56335957845053,-58.79592277015043
0.5377303646829472,0.0,0.5377303646829472
-1.7969643723138256,76.06925665163527,-77.8662210239491
23.666090099892326,44.49748918121935,-20.831399081327024
4.502097173909694e-10,0.0,4.502097173909694e-10
-12.311335479736325,76.39521610035615,-88.70655158009248
-0.4538028370426629,0.0,-0.4538028370426629
-8.796984167446414e-69,0.0,-8.796984167446414e-69
-13.545649541424964,27.049105176738664,-40.59475471816363
-22.857612259897298,54.6304536707261,-77.48806593062339
6.1524538975355865e-06,0.0,6.1524538975355865e-06
5.518761909059819,5.36292296764897,0.15583894141084897
-10.552564461583806,14.006863463158695,-24.5594279247425
5.04637191330837,12.048631256701896,-7.002259343393526
-13.545649541424964,27.049105176738664,-40.59475471816363
6.1524538975355865e-06,0.0,6.1524538975355865e-06
2.4926978607177745,84.55741553213082,-82.06471767141305
-16.96002451172723,57.12057973824295,-74.08060424997018
21.99068750828768,22.191926544787833,-0.2012390365001515
-7.914274452655282e-16,0.0,-7.914274452655282e-16
26.221685401593156,53.44652841605392,-27.224843014460767
-15.792841033935515,81.93251247032015,-97.72535350425566
-15.792841033935515,81.93251247032015,-97.72535350425566
-2.901246386075933,43.168960870481015,-46.07020725655695
-1.7345027948390205e-19,0.0,-1.7345027948390205e-19
9.20632224986267,65.33592014686735,-56.129597897004686
9.579519173624446,26.965254690132895,-17.385735516508447
4.081252597162521e-58,0.0,4.081252597162521e-58
-39.63936305534842,49.394867840935206,-89.03423089628362
-2.2561303734776864e-17,0.0,-2.2561303734776864e-17
21.567427536343406,70.99268864650352,-49.42526111016012
-4.085963989829793e-19,0.0,-4.085963989829793e-19
-17.399839284349163,60.33449419806985,-77.734333482419
-18.69109698663126,41.36561584472656,-60.05671283135782
22.13411910930423,60.80431231330422,-38.67019320399999
-5.449065917551233,62.24226528990502,-67.69133120745626
-20.256538040161146,78.91297673244102,-99.16951477260217
0.1148475487648527,43.946054496017155,-43.831206947252305
3.853260864468021,28.445399265663298,-24.592138401195278
18.46998422560231,40.89443251665901,-22.4244482910567
22.761136680135838,61.24775426528032,-38.48661758514449
-27.075005859443696,47.39367795458028,-74.46868381402398
-15.101029088491892,13.559889999090458,-28.66091908758235
-24.27463998413085,80.11740710688574,-104.3920470910166
-3.155599596857184e-13,0.0,-3.155599596857184e-13
-10.05542177523867,13.351852117800249,-23.40727389303892
-18.140425300622752,40.685886607450584,-58.826311908073336
-1.1999560746744079e-05,0.0,-1.1999560746744079e-05
5.456496384745231e-07,0.0,5.456496384745231e-07
-20.256538040161146,78.91297673244102,-99.16951477260217
30.61573065575633,52.04121787875306,-21.42548722299673
4.502097173909694e-10,0.0,4.502097173909694e-10
1.8791579147534498,14.13531913009345,-12.25616121534
5.725135134747984,25.34243280747357,-19.617297672725588
-5.231991048852473,64.55182064280791,-69.78381169166039
4.5534390305815344e-07,0.0,4.5534390305815344e-07
3.6288154377977606,24.811815748027726,-21.183000310229964
-1.6384953747034023e-26,0.0,-1.6384953747034023e-26
5.029549272991788e-16,0.0,5.029549272991788e-16
3.5954163302447344,25.878431133195463,-22.283014802950728
6.78589487002943,44.880244535558376,-38.094349665528945
15.802795361277312,16.934566572600716,-1.1317712113234037
6.010362724240945e-86,0.0,6.010362724240945e-86
-2.0615059171013088e-13,0.0,-2.0615059171013088e-13
-5.785641538808006e-07,0.0,-5.785641538808006e-07
-4.625452617970812,44.39124342974495,-49.01669604771576
1.2005735607997933e-07,0.0,1.2005735607997933e-07
6.16609740652722e-06,0.0,6.16609740652722e-06
-0.05438848585127127,0.0,-0.05438848585127127
5.718936196998717,7.796150207519531,-2.077214010520814
-3.2218706115099675e-09,0.0,-3.2218706115099675e-09
1.7522244265670407e-06,0.0,1.7522244265670407e-06
31.635043431134456,44.28848625631895,-12.653442825184491
-1.2759775221602076e-11,0.0,-1.2759775221602076e-11
12.853543516549326,54.52854859595206,-41.67500507940274
-6.159266463607845,13.09584195006127,-19.255108413669117
-5.43018424752742e-11,0.0,-5.43018424752742e-11
-9.700396418838064,27.738969690659474,-37.43936610949754
-11.040209627486139,62.64241267185585,-73.68262229934199
7.032245006702695,25.747165305941706,-18.71492029923901
-17.383459330935302,56.91456334731157,-74.29802267824687
9.379758692570165,14.172546835506665,-4.7927881429365
18.349960086626776,39.39654481177237,-21.046584725145596
-8.85847389650374,23.956168978821992,-32.81464287532573
-11.540316813106434,56.87572853237975,-68.41604534548618
12.389098114009657,18.048148360906865,-5.659050246897207
17.02975385229388,77.6763697605507,-60.64661590825682
16.169565119404215,24.797575857125082,-8.628010737720867
37.32892778088591,51.766937255859375,-14.438009474973462
1.8791579147534498,14.13531913009345,-12.25616121534
-2.3436531814866095,44.55878792557061,-46.90244110705722
-0.05438848585127127,0.0,-0.05438848585127127
-1.2759775221602076e-11,0.0,-1.2759775221602076e-11
19.5249829441601,81.73426310221353,-62.20928015805343
-4.158089138123914e-10,0.0,-4.158089138123914e-10
-5.652622075728976,23.7531914804496,-29.40581355617858
20.91690786644356,52.66635849896599,-31.749450632522432
-4.085963989829793e-19,0.0,-4.085963989829793e-19
6.670749868488775e-11,0.0,6.670749868488775e-11
-4.450291818372144e-10,0.0,-4.450291818372144e-10
-8.85847389650374,23.956168978821992,-32.81464287532573
-27.2374363252837,55.01351240569471,-82.25094873097841
-24.301411089002325,65.64088798971738,-89.94229907871971
11.70313164780063,64.58330790201822,-52.88017625421759
1.0583946215137327e-09,0.0,1.0583946215137327e-09
1.0860675462299718e-11,0.0,1.0860675462299718e-11
-1.5815136642786112,75.04097014782477,-76.62248381210338
-3.6279902142757596e-12,0.0,-3.6279902142757596e-12
27.35612891755982,1.5982950247970251,25.757833892762793
11.766946484138472,54.323171578201595,-42.55622509406312
-8.825728836879324e-57,0.0,-8.825728836879324e-57
20.052425358581967,78.66915175494026,-58.61672639635829
0.17309056237108325,23.40203408633961,-23.22894352396853
-10.552564461583806,14.006863463158695,-24.5594279247425
1.27632573075857,26.229022306554455,-24.952696575795883
24.887688350831084,36.61311744241152,-11.725429091580438
23.132751559282514,83.4752290015127,-60.34247744223019
26.550482206999607,52.60159571030562,-26.05111350330601
-0.1836618864707116,0.0,-0.1836618864707116
21.073189449565312,68.64547011431526,-47.57228066474995
-18.44861863937777,49.87262621112899,-68.32124485050676
-28.506407865612555,48.08573584463082,-76.59214371024338
3.314393750668133e-07,0.0,3.314393750668133e-07
-15.639262864159999,37.78252156575522,-53.42178442991522
-0.018376007472061327,0.0,-0.018376007472061327
8.44697889717983,41.083479039809276,-32.636500142629444
-9.018053368617983e-12,0.0,-9.018053368617983e-12
-6.614670028127972,63.42473527496935,-70.03940530309733
0.5633327733517083,26.263752208036536,-25.70041943468483
14.086002450723859,75.73470470952051,-61.64870225879665
5.090124797421699e-12,0.0,5.090124797421699e-12
15.60435867420002,64.13536161534927,-48.53100294114925
-11.266651088796083,56.48824085908777,-67.75489194788385
-9.926249053039369,75.29379122864967,-85.22004028168904
0.01295288723995695,0.0,0.01295288723995695
2.6319704794335247e-08,0.0,2.6319704794335247e-08
-1.606764660347053e-09,0.0,-1.606764660347053e-09
20.195889471500053,30.077967475442335,-9.882078003942283
3.526519258050365,7.48978917738971,-3.963269919339345
0.004383721163919092,0.0,0.004383721163919092
-4.737581412633415e-10,0.0,-4.737581412633415e-10
-4.008402740174694e-25,0.0,-4.008402740174694e-25
-8.358708541072335,41.78429098690256,-50.142999527974894
11.262649502022969,44.35125822179458,-33.088608719771614
-3.8065918273925714,84.81727360744102,-88.62386543483359
6.09614449443073e-11,0.0,6.09614449443073e-11
5.3936446126138614e-21,0.0,5.3936446126138614e-21
-5.26968008422851,84.99814860026041,-90.26782868448892
0.020667850075082518,0.0,0.020667850075082518
6.194408042998015,6.660039265950516,-0.46563122295250103
-3.6279902142757596e-12,0.0,-3.6279902142757596e-12
1.721284055801311e-10,0.0,1.721284055801311e-10
-2.7205501642828726e-14,0.0,-2.7205501642828726e-14
2.9193722542067857e-09,0.0,2.9193722542067857e-09
-9.667320190638348,42.69131200453813,-52.35863219517648
-2.172581827207972,23.76384794945811,-25.93642977666608
1.9506372937815504,23.4751283234241,-21.52449102964255
8.408895658898839e-23,0.0,8.408895658898839e-23
17.926861995411045,60.97381651635263,-43.04695452094158
-4.253185020182273,65.03156115962011,-69.28474617980238
9.421719619033048e-07,0.0,9.421719619033048e-07
-2.5911585192577888e-08,0.0,-2.5911585192577888e-08
1.0033034272553046e-14,0.0,1.0033034272553046e-14
6.1524538975355865e-06,0.0,6.1524538975355865e-06
-3.3150700256510857e-26,0.0,-3.3150700256510857e-26
24.434975955848042,47.1263697007123,-22.69139374486426
11.91572317850007,75.0078379313151,-63.09211475281502
-24.502164322388477,43.733382879518985,-68.23554720190747
23.265590325822245,36.148064108455884,-12.882473782633639
-3.870424147210666e-06,0.0,-3.870424147210666e-06
-27.076485840299174,54.099240172143084,-81.17572601244225
0.025679984586020263,0.0,0.025679984586020263
6.539010384432162,0.0,6.539010384432162
-6.0628736828828735e-05,0.0,-6.0628736828828735e-05
-20.66772426818931,40.36120007084864,-61.02892433903795
22.802549462756872,42.5946314194623,-19.79208195670543
24.182731881893414,62.23878060135186,-38.056048719458445
3.0066421194231143,0.0,3.0066421194231143
21.055582524618746,63.53446242388557,-42.47887989926683
8.94980758612452,23.64659462723077,-14.69678704110625
22.995588789681207,43.19747775208717,-20.20188896240596
5.631932551081727e-17,0.0,5.631932551081727e-17
33.664175860619146,56.78523314232919,-23.121057281710044
3.6623830584047415e-11,0.0,3.6623830584047415e-11
-11.431063375987456,12.309371649050249,-23.740435025037705
-2.3775816153557456,69.24945995854395,-71.6270415738997
4.1489311535231685,23.54936981201172,-19.40043865848855
-6.828759641343984,56.72562213972503,-63.55438178106902
32.07669221592213,57.4532739975873,-25.376581781665173
-14.012096879800827,38.77767076679305,-52.78976764659388
25.509310427211158,59.00801654890472,-33.49870612169356
-15.101029088491892,13.559889999090458,-28.66091908758235
-27.88112383042408,44.22347753188188,-72.10460136230597
18.63418637832867,66.95706027161842,-48.322873893289746
14.086002450723859,75.73470470952051,-61.64870225879665
14.205410324503836,77.36564905503218,-63.16023873052834
-3.5532109957699944,62.29152006261489,-65.8447310583849
-1.603211417762734e-10,0.0,-1.603211417762734e-10
-2.1593518744942646,23.711314182655485,-25.870666057149748
-12.404215854853478,63.31551675235525,-75.71973260720873
0.029589243389599458,0.0,0.029589243389599458
-1.2451809689191668e-10,0.0,-1.2451809689191668e-10
6.346796875588562,37.363329419902726,-31.016532544314163
23.681459121109622,37.61614586325254,-13.934686742142919
7.373761429437221e-13,0.0,7.373761429437221e-13
3.906077490022163e-11,0.0,3.906077490022163e-11
1.8791579147534498,14.13531913009345,-12.25616121534
24.482808242462347,44.02061163210402,-19.537803389641674
-0.14884987991598178,28.577616972081813,-28.726466851997795
1.0880700318235313e-16,0.0,1.0880700318235313e-16
-10.242681457519536,84.19955025467218,-94.44223171219171
15.100586154455321,18.84044288186466,-3.7398567274093395
-5.752969522563229,41.08078032848883,-46.833749851052055
-4.796049716806694,37.13614041197533,-41.932190128782025
4.242720781585381e-11,0.0,4.242720781585381e-11
-0.6479056013862291,41.01524053835402,-41.66314613974025
0.004383721163919092,0.0,0.004383721163919092
15.332413939820826,29.40444407743567,-14.072030137614844
3.6777207694574767,68.70581174364278,-65.0280909741853
16.86407086316273,84.25961363549325,-67.39554277233051
17.571330375467724,32.94168629365808,-15.370355918190356
10.082016366273926,77.14952625947839,-67.06750989320446
-1.6384953747034023e-26,0.0,-1.6384953747034023e-26
-1.1999560746744079e-05,0.0,-1.1999560746744079e-05
2.232224881608792,23.706206976198686,-21.473982094589893
-8.862021810960288e-12,0.0,-8.862021810960288e-12
37.093786268839835,49.71584155512792,-12.622055286288088
-3.1602717411634917e-13,0.0,-3.1602717411634917e-13
-2.1593518744942646,23.711314182655485,-25.870666057149748
24.879948867892974,30.512096479827278,-5.632147611934304
0.12078045620462066,0.0,0.12078045620462066
-9.700396418838064,27.738969690659474,-37.43936610949754
14.082027956600882,54.52644587498085,-40.44441791837997
-7.03005100699754e-05,0.0,-7.03005100699754e-05
-7.00935982417571e-16,0.0,-7.00935982417571e-16
-27.88112383042408,44.22347753188188,-72.10460136230597
1.329022556747192e-09,0.0,1.329022556747192e-09
23.133947428929478,83.00246444402956,-59.86851701510008
-1.3191266910649986e-08,0.0,-1.3191266910649986e-08
18.636138967966364,65.90416941923255,-47.268030451266185
1.1226234410638788e-08,0.0,1.1226234410638788e-08
-8.706946371324183e-10,0.0,-8.706946371324183e-10
24.10290641720746,81.48561604817709,-57.38270963096963
2.0600353251753698e-11,0.0,2.0600353251753698e-11
1.0860675462299718e-11,0.0,1.0860675462299718e-11
-9.386835189933481e-12,0.0,-9.386835189933481e-12
-3.9209433766159705e-36,0.0,-3.9209433766159705e-36
1.7204314527380113e-35,0.0,1.7204314527380113e-35
14.841761832116145,20.791792925666357,-5.950031093550212
-5.378439936162564,43.82468040316712,-49.203120339329686
-4.0804810291459825e-10,0.0,-4.0804810291459825e-10
-3.104231103871952e-11,0.0,-3.104231103871952e-11
-24.387361564744484,46.93140845205269,-71.31877001679717
9.029894480026032,0.0,9.029894480026032
30.61573065575633,52.04121787875306,-21.42548722299673
2.9193722542067857e-09,0.0,2.9193722542067857e-09
-10.706208218406154,43.27626516304764,-53.982473381453794
-9.926249053039369,75.29379122864967,-85.22004028168904
-2.3436531814866095,44.55878792557061,-46.90244110705722
16.942104940698616,40.38926218070236,-23.447157240003744
-0.00010580077039524916,0.0,-0.00010580077039524916
-0.002242585464869315,0.0,-0.002242585464869315
8.714182740419263e-10,0.0,8.714182740419263e-10
1.0008207063369886e-09,0.0,1.0008207063369886e-09
10.627430557827582,12.569562724992338,-1.9421321671647558
14.623207985747925,46.971004411286,-32.34779642553808
1.3278405434239787e-09,0.0,1.3278405434239787e-09
7.948280195995101e-17,0.0,7.948280195995101e-17
4.242720781585381e-11,0.0,4.242720781585381e-11
17.46473120147301,69.4298936432483,-51.96516244177529
1.721284055801311e-10,0.0,1.721284055801311e-10
0.13702341458904657,0.0,0.13702341458904657
1.6471585867326983e-12,0.0,1.6471585867326983e-12
-10.96507131459401,42.030296475279556,-52.99536778987357
15.100586154455321,18.84044288186466,-3.7398567274093395
-1.7461931314965619e-09,0.0,-1.7461931314965619e-09
-3.733617611142801e-12,0.0,-3.733617611142801e-12
-0.1836618864707116,0.0,-0.1836618864707116
5.1367697649033874e-06,0.0,5.1367697649033874e-06
-19.13332744165684,68.70152013442095,-87.83484757607778
-6.9599913500267485,26.692645951813347,-33.652637301840095
2.3357366929855215e-24,0.0,2.3357366929855215e-24
9.292109437581432,5.830138860964311,3.461970576617121
1.9991237913196069e-10,0.0,1.9991237913196069e-10
-4.625452617970812,44.39124342974495,-49.01669604771576
-1.0156971617799882e-07,0.0,-1.0156971617799882e-07
-0.18647692736995322,0.0,-0.18647692736995322
1.6967678197217777e-09,0.0,1.6967678197217777e-09
1.9506372937815504,23.4751283234241,-21.52449102964255
-8.11046514504286e-34,0.0,-8.11046514504286e-34
4.173278105491374e-17,0.0,4.173278105491374e-17
-2.4540524291992223,84.71841640098421,-87.17246883018343
-6.828759641343984,56.72562213972503,-63.55438178106902
-5.106095678035805e-19,0.0,-5.106095678035805e-19
-6.789814496780696e-11,0.0,-6.789814496780696e-11
3.5399738034248103e-10,0.0,3.5399738034248103e-10
3.6288154377977606,24.811815748027726,-21.183000310229964
-27.173968356924327,65.0917059206495,-92.26567427757382
6.685197944173756e-20,0.0,6.685197944173756e-20
7.253627205923127,56.81792375153185,-49.56429654560873
2.207035501486682e-07,0.0,2.207035501486682e-07
22.995588789681207,43.19747775208717,-20.20188896240596
-1.5093951243955112e-06,0.0,-1.5093951243955112e-06
-4.955895955829068e-09,0.0,-4.955895955829068e-09
-3.5532109957699944,62.29152006261489,-65.8447310583849
21.99068750828768,22.191926544787833,-0.2012390365001515
-1.4433893149258264e-34,0.0,-1.4433893149258264e-34
2.2523073357545034,44.39196837182138,-42.139661036066876
-17.54580593922162,42.263757443895514,-59.80956338311714
7.154350844226887,28.217649422439877,-21.06329857821299
25.509310427211158,59.00801654890472,-33.49870612169356
-25.22689519711499,59.33605777516084,-84.56295297227584
6.144101525175357,40.98516965379903,-34.841068128623675
4.706884692950462e-33,0.0,4.706884692950462e-33
3.715268871916633,26.075034945618867,-22.359766073702232
-2.536101677011391e-10,0.0,-2.536101677011391e-10
-5.4964115321596034e-14,0.0,-5.4964115321596034e-14
-27.88112383042408,44.22347753188188,-72.10460136230597
20.645602228246336,80.5061549766391,-59.86055274839276
20.94095742540852,53.100436640720744,-32.159479215312224
-9.519646408284214e-05,0.0,-9.519646408284214e-05
2.4926978607177745,84.55741553213082,-82.06471767141305
7.9115865241432175,44.70212180941712,-36.790535285273904
19.139763390356567,33.73845253738702,-14.598689147030452
24.482808242462347,44.02061163210402,-19.537803389641674
6.629117681456854e-09,0.0,6.629117681456854e-09
-0.09755284540770172,0.0,-0.09755284540770172
-8.190255545561897,45.594804053213096,-53.78505959877499
19.13526790891344,61.70060281192556,-42.56533490301212
-18.839229676682848,63.90225578756895,-82.7414854642518
3.74502118648453,25.9639825259938,-22.21896133950927
-11.540316813106434,56.87572853237975,-68.41604534548618
-8.11046514504286e-34,0.0,-8.11046514504286e-34
2.3393846271778488e-06,0.0,2.3393846271778488e-06
7.269765409883122e-06,0.0,7.269765409883122e-06
0.31124819947110405,85.16694102567786,-84.85569282620675
-5.269912790230141e-07,0.0,-5.269912790230141e-07
0.07093268249378992,0.0,0.07093268249378992
9.804348254219416,27.93260477103439,-18.128256516814975
-3.409225732637693e-07,0.0,-3.409225732637693e-07
31.001411558507524,49.00787233838847,-18.006460779880943
1.5127813831052797e-06,0.0,1.5127813831052797e-06
26.11863797176917,79.09611900179993,-52.97748103003076
-20.496336858765872,66.10922899433211,-86.60556585309799
-4.104288313239203e-07,0.0,-4.104288313239203e-07
-1.6238181062682848,12.081750607958028,-13.705568714226313
13.810862688692986,45.46708948471968,-31.656226796026694
24.451241722479125,76.88064006730622,-52.42939834482709
22.74032079931951,73.8679022695504,-51.12758147023089
-17.993424057006827,77.25913732192095,-95.25256137892777
-21.095618231927997,53.23503890692018,-74.33065713884818
1.4450652536026767,8.237716674804688,-6.792651421202011
-10.869586772211607,57.69527899050246,-68.56486576271406
11.065568342560288,64.67289823644302,-53.60732989388273
19.5249829441601,81.73426310221353,-62.20928015805343
-0.002242585464869315,0.0,-0.002242585464869315
6.0444683859568755,43.00471167470894,-36.96024328875207
2.2662749271875945e-12,0.0,2.2662749271875945e-12
-0.04296220325984949,0.0,-0.04296220325984949
6.16609740652722e-06,0.0,6.16609740652722e-06
-0.002026328664273735,0.0,-0.002026328664273735
5.272198480689398e-28,0.0,5.272198480689398e-28
30.23878237342163,43.10039954091988,-12.861617167498252
-1.5343104508958813e-07,0.0,-1.5343104508958813e-07
17.02975385229388,77.6763697605507,-60.64661590825682
-0.05371153067738213,0.0,-0.05371153067738213
11.154665454241945,44.58707532695695,-33.432409872715006
-2.5586328789854614e-06,0.0,-2.5586328789854614e-06
-0.6678592953533637,23.4504436418122,-24.118302937165563
13.411843419433428,56.29060932234222,-42.878765902908796
-0.7418003339104202,44.18119991526885,-44.92300024917927
-9.352794604835118e-06,0.0,-9.352794604835118e-06
-3.2296147218963735e-22,0.0,-3.2296147218963735e-22
-10.17307695205481,26.37848139744179,-36.5515583494966
2.9193722542067857e-09,0.0,2.9193722542067857e-09
9.818855640995497e-14,0.0,9.818855640995497e-14
1.7666829453058735e-31,0.0,1.7666829453058735e-31
16.164859756469532,83.06261100021064,-66.89775124374111
-1.5343104508958813e-07,0.0,-1.5343104508958813e-07
-4.978042461312979e-12,0.0,-4.978042461312979e-12
-3.641281200610704e-10,0.0,-3.641281200610704e-10
13.411843419433428,56.29060932234222,-42.878765902908796
22.161790216657117,43.58747774011948,-21.425687523462365
-4.104288313239203e-07,0.0,-4.104288313239203e-07
16.35971321547735,57.082005220301,-40.72229200482365
8.736161673135387,65.51335383396523,-56.77719216082984
-8.785353660824644,43.98574559828813,-52.77109925911277
23.164838349581796,31.014651279823454,-7.849812930241658
20.55535185241698,82.54172351313574,-61.98637166071876
1.574715414020267,12.151884789560356,-10.57716937554009
2.671755500192143e-07,0.0,2.671755500192143e-07
16.375935650537595,40.74715722775926,-24.371221577221664
3.462778931899362,24.458548153147973,-20.99576922124861
1.5127813831052797e-06,0.0,1.5127813831052797e-06
-18.839229676682848,63.90225578756895,-82.7414854642518
-1.7345027948390205e-19,0.0,-1.7345027948390205e-19
1.0478629209604443e-50,0.0,1.0478629209604443e-50
21.44564804438076,20.05058692483341,1.39506111954735
21.967820002119304,42.488725550034474,-20.52090554791517
11.22598361106838,39.072669833314194,-27.846686222245815
-1.4433893149258264e-34,0.0,-1.4433893149258264e-34
6.144101525175357,40.98516965379903,-34.841068128623675
0.1148475487648527,43.946054496017155,-43.831206947252305
-40.00581015484148,53.581861009784774,-93.58767116462624
-0.03672422077207854,0.0,-0.03672422077207854
-27.2374363252837,55.01351240569471,-82.25094873097841
-0.04296220325984949,0.0,-0.04296220325984949
-1.5343104508958813e-07,0.0,-1.5343104508958813e-07
6.629117681456854e-09,0.0,6.629117681456854e-09
-0.048904173550549226,0.0,-0.048904173550549226
-8.12153607438377e-21,0.0,-8.12153607438377e-21
24.669552495669077,79.60321403952207,-54.93366154385299
24.68031357073233,62.1375992718865,-37.45728570115417
-11.040209627486139,62.64241267185585,-73.68262229934199
-1.5182942596999173e-05,0.0,-1.5182942596999173e-05
-2.1836098362545787e-20,0.0,-2.1836098362545787e-20
2.0162103181432265,28.51718603395949,-26.500975715816264
6.416939035068312e-36,0.0,6.416939035068312e-36
-7.6060155971737e-42,0.0,-7.6060155971737e-42
-6.745866887655701e-16,0.0,-6.745866887655701e-16
24.442693575663533,48.10736263499541,-23.664669059331878
1.997491916185497e-06,0.0,1.997491916185497e-06
-1.5343104508958813e-07,0.0,-1.5343104508958813e-07
1.6967678197217777e-09,0.0,1.6967678197217777e-09
-8.0121726385585e-17,0.0,-8.0121726385585e-17
6.194408042998015,6.660039265950516,-0.46563122295250103
9.150572581018466,56.50306581983378,-47.35249323881531
0.4629429118575865,44.29695099475336,-43.83400808289577
-2.8421742836250254e-50,0.0,-2.8421742836250254e-50
-8.590770687124516,64.35164028990502,-72.94241097702954
0.5032516509401328,57.47123897776885,-56.96798732682871
-0.7083419898543111,26.169679379930685,-26.878021369784996
-8.11046514504286e-34,0.0,-8.11046514504286e-34
8.947048651642905e-62,0.0,8.947048651642905e-62
-11.867077316284172,76.65677657781862,-88.52385389410279
0.31124819947110405,85.16694102567786,-84.85569282620675
-0.05947044785504702,0.0,-0.05947044785504702
20.309752943610302,34.866955626244646,-14.557202682634344
-6.973891403198244,84.68604772231157,-91.65993912550981
-4.033422986338873,76.01549275716147,-80.04891574350034
-2.7114506765075475,28.52845734240961,-31.239908018917156
-0.018376007472061327,0.0,-0.018376007472061327
4.928239520608438,74.87094445322074,-69.9427049326123
-12.311335479736325,76.39521610035615,-88.70655158009248
20.3630380486717,32.5424409754136,-12.179402926741897
-2.5324209045168762e-12,0.0,-2.5324209045168762e-12
3.8316642357507965e-06,0.0,3.8316642357507965e-06
-2.7205501642828726e-14,0.0,-2.7205501642828726e-14
13.720974222472334,15.221844243068318,-1.5008700205959844
-22.857612259897298,54.6304536707261,-77.48806593062339
