Date,Close
2018-01-02 00:00:00-05:00,40.380985260009766
2018-01-03 00:00:00-05:00,40.373966217041016
2018-01-04 00:00:00-05:00,40.56149673461914
2018-01-05 00:00:00-05:00,41.02330780029297
2018-01-08 00:00:00-05:00,40.87092208862305
2018-01-09 00:00:00-05:00,40.86623764038086
2018-01-10 00:00:00-05:00,40.856876373291016
2018-01-11 00:00:00-05:00,41.088932037353516
2018-01-12 00:00:00-05:00,41.513240814208984
2018-01-16 00:00:00-05:00,41.30226135253906
2018-01-17 00:00:00-05:00,41.98442077636719
2018-01-18 00:00:00-05:00,42.02193069458008
2018-01-19 00:00:00-05:00,41.83439254760742
2018-01-22 00:00:00-05:00,41.49214172363281
2018-01-23 00:00:00-05:00,41.50151824951172
2018-01-24 00:00:00-05:00,40.840457916259766
2018-01-25 00:00:00-05:00,40.111419677734375
2018-01-26 00:00:00-05:00,40.2051887512207
2018-01-29 00:00:00-05:00,39.372989654541016
2018-01-30 00:00:00-05:00,39.14092254638672
2018-01-31 00:00:00-05:00,39.248741149902344
2018-02-01 00:00:00-05:00,39.3307991027832
2018-02-02 00:00:00-05:00,37.62422561645508
2018-02-05 00:00:00-05:00,36.68422317504883
2018-02-06 00:00:00-05:00,38.21731948852539
2018-02-07 00:00:00-05:00,37.39918518066406
2018-02-08 00:00:00-05:00,36.370086669921875
2018-02-09 00:00:00-05:00,36.81494903564453
2018-02-12 00:00:00-05:00,38.29780960083008
2018-02-13 00:00:00-05:00,38.68146514892578
2018-02-14 00:00:00-05:00,39.39463806152344
2018-02-15 00:00:00-05:00,40.71746063232422
2018-02-16 00:00:00-05:00,40.58564376831055
2018-02-20 00:00:00-05:00,40.44913101196289
2018-02-21 00:00:00-05:00,40.265541076660156
2018-02-22 00:00:00-05:00,40.602134704589844
2018-02-23 00:00:00-05:00,41.308250427246094
2018-02-26 00:00:00-05:00,42.124996185302734
2018-02-27 00:00:00-05:00,41.98848342895508
2018-02-28 00:00:00-05:00,41.924922943115234
2018-03-01 00:00:00-05:00,41.19056701660156
2018-03-02 00:00:00-05:00,41.475364685058594
2018-03-05 00:00:00-05:00,41.61894607543945
2018-03-06 00:00:00-05:00,41.58362579345703
2018-03-07 00:00:00-05:00,41.1976203918457
2018-03-08 00:00:00-05:00,41.64720153808594
2018-03-09 00:00:00-05:00,42.36271286010742
2018-03-12 00:00:00-04:00,42.77228546142578
2018-03-13 00:00:00-04:00,42.36036682128906
2018-03-14 00:00:00-04:00,42.00025177001953
2018-03-15 00:00:00-04:00,42.04967498779297
2018-03-16 00:00:00-04:00,41.901390075683594
2018-03-19 00:00:00-04:00,41.261173248291016
2018-03-20 00:00:00-04:00,41.24704360961914
2018-03-21 00:00:00-04:00,40.31261444091797
2018-03-22 00:00:00-04:00,39.743019104003906
2018-03-23 00:00:00-04:00,38.822689056396484
2018-03-26 00:00:00-04:00,40.665679931640625
2018-03-27 00:00:00-04:00,39.62296676635742
2018-03-28 00:00:00-04:00,39.1851692199707
2018-03-29 00:00:00-04:00,39.49115753173828
2018-04-02 00:00:00-04:00,39.23223876953125
2018-04-03 00:00:00-04:00,39.63473892211914
2018-04-04 00:00:00-04:00,40.39263916015625
2018-04-05 00:00:00-04:00,40.67274475097656
2018-04-06 00:00:00-04:00,39.632381439208984
2018-04-09 00:00:00-04:00,40.02545166015625
2018-04-10 00:00:00-04:00,40.778656005859375
2018-04-11 00:00:00-04:00,40.58800506591797
2018-04-12 00:00:00-04:00,40.988121032714844
2018-04-13 00:00:00-04:00,41.12700271606445
2018-04-16 00:00:00-04:00,41.383567810058594
2018-04-17 00:00:00-04:00,41.95317840576172
2018-04-18 00:00:00-04:00,41.85902404785156
2018-04-19 00:00:00-04:00,40.67274475097656
2018-04-20 00:00:00-04:00,39.00628662109375
2018-04-23 00:00:00-04:00,38.893306732177734
2018-04-24 00:00:00-04:00,38.35194396972656
2018-04-25 00:00:00-04:00,38.51906204223633
2018-04-26 00:00:00-04:00,38.653228759765625
2018-04-27 00:00:00-04:00,38.206016540527344
2018-04-30 00:00:00-04:00,38.89801788330078
2018-05-01 00:00:00-04:00,39.80185317993164
2018-05-02 00:00:00-04:00,41.56010437011719
2018-05-03 00:00:00-04:00,41.635414123535156
2018-05-04 00:00:00-04:00,43.26891326904297
2018-05-07 00:00:00-04:00,43.581966400146484
2018-05-08 00:00:00-04:00,43.79145050048828
2018-05-09 00:00:00-04:00,44.09980010986328
2018-05-10 00:00:00-04:00,44.730594635009766
2018-05-11 00:00:00-04:00,44.56047439575195
2018-05-14 00:00:00-04:00,44.45650863647461
2018-05-15 00:00:00-04:00,44.05247497558594
2018-05-16 00:00:00-04:00,44.46360397338867
2018-05-17 00:00:00-04:00,44.18242263793945
2018-05-18 00:00:00-04:00,44.02174377441406
2018-05-21 00:00:00-04:00,44.333656311035156
2018-05-22 00:00:00-04:00,44.222591400146484
2018-05-23 00:00:00-04:00,44.506134033203125
2018-05-24 00:00:00-04:00,44.45650863647461
2018-05-25 00:00:00-04:00,44.55810546875
2018-05-29 00:00:00-04:00,44.397422790527344
2018-05-30 00:00:00-04:00,44.30292510986328
2018-05-31 00:00:00-04:00,44.154056549072266
2018-06-01 00:00:00-04:00,44.9503288269043
2018-06-04 00:00:00-04:00,45.32602310180664
2018-06-05 00:00:00-04:00,45.67572021484375
2018-06-06 00:00:00-04:00,45.83403396606445
2018-06-07 00:00:00-04:00,45.71116638183594
2018-06-08 00:00:00-04:00,45.2952995300293
2018-06-11 00:00:00-04:00,45.184261322021484
2018-06-12 00:00:00-04:00,45.432350158691406
2018-06-13 00:00:00-04:00,45.05902862548828
2018-06-14 00:00:00-04:00,45.08265686035156
2018-06-15 00:00:00-04:00,44.61954116821289
2018-06-18 00:00:00-04:00,44.59592056274414
2018-06-19 00:00:00-04:00,43.8752555847168
2018-06-20 00:00:00-04:00,44.06664276123047
2018-06-21 00:00:00-04:00,43.82091522216797
2018-06-22 00:00:00-04:00,43.69331741333008
2018-06-25 00:00:00-04:00,43.04353332519531
2018-06-26 00:00:00-04:00,43.57752990722656
2018-06-27 00:00:00-04:00,43.51374816894531
2018-06-28 00:00:00-04:00,43.83036422729492
2018-06-29 00:00:00-04:00,43.73820877075195
2018-07-02 00:00:00-04:00,44.227317810058594
2018-07-03 00:00:00-04:00,43.4570426940918
2018-07-05 00:00:00-04:00,43.80672836303711
2018-07-06 00:00:00-04:00,44.41398239135742
2018-07-09 00:00:00-04:00,45.03067398071289
2018-07-10 00:00:00-04:00,44.976322174072266
2018-07-11 00:00:00-04:00,44.392704010009766
2018-07-12 00:00:00-04:00,45.137001037597656
2018-07-13 00:00:00-04:00,45.20787811279297
2018-07-16 00:00:00-04:00,45.108646392822266
2018-07-17 00:00:00-04:00,45.23625183105469
2018-07-18 00:00:00-04:00,44.98814392089844
2018-07-19 00:00:00-04:00,45.33784103393555
2018-07-20 00:00:00-04:00,45.23386764526367
2018-07-23 00:00:00-04:00,45.2740478515625
2018-07-24 00:00:00-04:00,45.60247802734375
2018-07-25 00:00:00-04:00,46.03251266479492
2018-07-26 00:00:00-04:00,45.88838195800781
2018-07-27 00:00:00-04:00,45.12519836425781
2018-07-30 00:00:00-04:00,44.87237548828125
2018-07-31 00:00:00-04:00,44.96215057373047
2018-08-01 00:00:00-04:00,47.61087417602539
2018-08-02 00:00:00-04:00,49.00258255004883
2018-08-03 00:00:00-04:00,49.14434814453125
2018-08-06 00:00:00-04:00,49.39952850341797
2018-08-07 00:00:00-04:00,48.93642044067383
2018-08-08 00:00:00-04:00,48.96949768066406
2018-08-09 00:00:00-04:00,49.354637145996094
2018-08-10 00:00:00-04:00,49.2076301574707
2018-08-13 00:00:00-04:00,49.525352478027344
2018-08-14 00:00:00-04:00,49.73402404785156
2018-08-15 00:00:00-04:00,49.85020065307617
2018-08-16 00:00:00-04:00,50.580509185791016
2018-08-17 00:00:00-04:00,51.5905876159668
2018-08-20 00:00:00-04:00,51.087921142578125
2018-08-21 00:00:00-04:00,50.98833084106445
2018-08-22 00:00:00-04:00,50.99069595336914
2018-08-23 00:00:00-04:00,51.09503173828125
2018-08-24 00:00:00-04:00,51.253902435302734
2018-08-27 00:00:00-04:00,51.67594909667969
2018-08-28 00:00:00-04:00,52.09327697753906
2018-08-29 00:00:00-04:00,52.87099838256836
2018-08-30 00:00:00-04:00,53.35707473754883
2018-08-31 00:00:00-04:00,53.97356414794922
2018-09-04 00:00:00-04:00,54.146636962890625
2018-09-05 00:00:00-04:00,53.79334259033203
2018-09-06 00:00:00-04:00,52.899452209472656
2018-09-07 00:00:00-04:00,52.47265625
2018-09-10 00:00:00-04:00,51.76842498779297
2018-09-11 00:00:00-04:00,53.0772819519043
2018-09-12 00:00:00-04:00,52.418121337890625
2018-09-13 00:00:00-04:00,53.68429183959961
2018-09-14 00:00:00-04:00,53.07490921020508
2018-09-17 00:00:00-04:00,51.6617317199707
2018-09-18 00:00:00-04:00,51.74709701538086
2018-09-19 00:00:00-04:00,51.77791213989258
2018-09-20 00:00:00-04:00,52.171512603759766
2018-09-21 00:00:00-04:00,51.60957336425781
2018-09-24 00:00:00-04:00,52.35173034667969
2018-09-25 00:00:00-04:00,52.683677673339844
2018-09-26 00:00:00-04:00,52.26398849487305
2018-09-27 00:00:00-04:00,53.33810043334961
2018-09-28 00:00:00-04:00,53.525428771972656
2018-10-01 00:00:00-04:00,53.885826110839844
2018-10-02 00:00:00-04:00,54.36479949951172
2018-10-03 00:00:00-04:00,55.026329040527344
2018-10-04 00:00:00-04:00,54.058921813964844
2018-10-05 00:00:00-04:00,53.181602478027344
2018-10-08 00:00:00-04:00,53.05832290649414
2018-10-09 00:00:00-04:00,53.79334259033203
2018-10-10 00:00:00-04:00,51.30132293701172
2018-10-11 00:00:00-04:00,50.848445892333984
2018-10-12 00:00:00-04:00,52.664710998535156
2018-10-15 00:00:00-04:00,51.53843307495117
2018-10-16 00:00:00-04:00,52.674198150634766
2018-10-17 00:00:00-04:00,52.44657516479492
2018-10-18 00:00:00-04:00,51.220699310302734
2018-10-19 00:00:00-04:00,52.00078582763672
2018-10-22 00:00:00-04:00,52.31851577758789
2018-10-23 00:00:00-04:00,52.81172561645508
2018-10-24 00:00:00-04:00,51.000179290771484
2018-10-25 00:00:00-04:00,52.116973876953125
2018-10-26 00:00:00-04:00,51.28709030151367
2018-10-29 00:00:00-04:00,50.32442092895508
2018-10-30 00:00:00-04:00,50.57575988769531
2018-10-31 00:00:00-04:00,51.894100189208984
2018-11-01 00:00:00-04:00,52.6907958984375
2018-11-02 00:00:00-04:00,49.19577407836914
2018-11-05 00:00:00-05:00,47.7991828918457
2018-11-06 00:00:00-05:00,48.31609344482422
2018-11-07 00:00:00-05:00,49.78144454956055
2018-11-08 00:00:00-05:00,49.60773849487305
2018-11-09 00:00:00-05:00,48.651241302490234
2018-11-12 00:00:00-05:00,46.200469970703125
2018-11-13 00:00:00-05:00,45.738868713378906
2018-11-14 00:00:00-05:00,44.446861267089844
2018-11-15 00:00:00-05:00,45.543766021728516
2018-11-16 00:00:00-05:00,46.048187255859375
2018-11-19 00:00:00-05:00,44.22321319580078
2018-11-20 00:00:00-05:00,42.110313415527344
2018-11-21 00:00:00-05:00,42.06272888183594
2018-11-23 00:00:00-05:00,40.994380950927734
2018-11-26 00:00:00-05:00,41.54878234863281
2018-11-27 00:00:00-05:00,41.4583625793457
2018-11-28 00:00:00-05:00,43.05253982543945
2018-11-29 00:00:00-05:00,42.72181701660156
2018-11-30 00:00:00-05:00,42.491004943847656
2018-12-03 00:00:00-05:00,43.97574234008789
2018-12-04 00:00:00-05:00,42.04129409790039
2018-12-06 00:00:00-05:00,41.57257843017578
2018-12-07 00:00:00-05:00,40.0902214050293
2018-12-10 00:00:00-05:00,40.35432815551758
2018-12-11 00:00:00-05:00,40.123531341552734
2018-12-12 00:00:00-05:00,40.235355377197266
2018-12-13 00:00:00-05:00,40.675537109375
2018-12-14 00:00:00-05:00,39.374019622802734
2018-12-17 00:00:00-05:00,39.00760269165039
2018-12-18 00:00:00-05:00,39.51441955566406
2018-12-19 00:00:00-05:00,38.28187561035156
2018-12-20 00:00:00-05:00,37.315853118896484
2018-12-21 00:00:00-05:00,35.86443328857422
2018-12-24 00:00:00-05:00,34.93647003173828
2018-12-26 00:00:00-05:00,37.396766662597656
2018-12-27 00:00:00-05:00,37.154056549072266
2018-12-28 00:00:00-05:00,37.173095703125
2018-12-31 00:00:00-05:00,37.532379150390625
2019-01-02 00:00:00-05:00,37.57522201538086
2019-01-03 00:00:00-05:00,33.832427978515625
2019-01-04 00:00:00-05:00,35.27672576904297
2019-01-07 00:00:00-05:00,35.19818878173828
2019-01-08 00:00:00-05:00,35.869197845458984
2019-01-09 00:00:00-05:00,36.47830581665039
2019-01-10 00:00:00-05:00,36.59490966796875
2019-01-11 00:00:00-05:00,36.23560333251953
2019-01-14 00:00:00-05:00,35.69073486328125
2019-01-15 00:00:00-05:00,36.42121124267578
2019-01-16 00:00:00-05:00,36.866153717041016
2019-01-17 00:00:00-05:00,37.085052490234375
2019-01-18 00:00:00-05:00,37.313480377197266
2019-01-22 00:00:00-05:00,36.47593688964844
2019-01-23 00:00:00-05:00,36.62346649169922
2019-01-24 00:00:00-05:00,36.333160400390625
2019-01-25 00:00:00-05:00,37.53713607788086
2019-01-28 00:00:00-05:00,37.18974304199219
2019-01-29 00:00:00-05:00,36.804298400878906
2019-01-30 00:00:00-05:00,39.31929397583008
2019-01-31 00:00:00-05:00,39.60243606567383
2019-02-01 00:00:00-05:00,39.62147903442383
2019-02-04 00:00:00-05:00,40.74692916870117
2019-02-05 00:00:00-05:00,41.4440803527832
2019-02-06 00:00:00-05:00,41.4583625793457
2019-02-07 00:00:00-05:00,40.67315673828125
2019-02-08 00:00:00-05:00,40.720951080322266
2019-02-11 00:00:00-05:00,40.486785888671875
2019-02-12 00:00:00-05:00,40.83564758300781
2019-02-13 00:00:00-05:00,40.66600036621094
2019-02-14 00:00:00-05:00,40.81416320800781
2019-02-15 00:00:00-05:00,40.72333526611328
2019-02-19 00:00:00-05:00,40.84521484375
2019-02-20 00:00:00-05:00,41.10806655883789
2019-02-21 00:00:00-05:00,40.87628173828125
2019-02-22 00:00:00-05:00,41.33269119262695
2019-02-25 00:00:00-05:00,41.63378143310547
2019-02-26 00:00:00-05:00,41.65767288208008
2019-02-27 00:00:00-05:00,41.78671646118164
2019-02-28 00:00:00-05:00,41.375701904296875
2019-03-01 00:00:00-05:00,41.81061553955078
2019-03-04 00:00:00-05:00,42.0208854675293
2019-03-05 00:00:00-05:00,41.944419860839844
2019-03-06 00:00:00-05:00,41.70308303833008
2019-03-07 00:00:00-05:00,41.22038650512695
2019-03-08 00:00:00-05:00,41.318363189697266
2019-03-11 00:00:00-04:00,42.749717712402344
2019-03-12 00:00:00-04:00,43.23002624511719
2019-03-13 00:00:00-04:00,43.42119216918945
2019-03-14 00:00:00-04:00,43.90387725830078
2019-03-15 00:00:00-04:00,44.47499465942383
2019-03-18 00:00:00-04:00,44.92901611328125
2019-03-19 00:00:00-04:00,44.572975158691406
2019-03-20 00:00:00-04:00,44.96248245239258
2019-03-21 00:00:00-04:00,46.61845779418945
2019-03-22 00:00:00-04:00,45.653076171875
2019-03-25 00:00:00-04:00,45.10106658935547
2019-03-26 00:00:00-04:00,44.635093688964844
2019-03-27 00:00:00-04:00,45.03654098510742
2019-03-28 00:00:00-04:00,45.09629440307617
2019-03-29 00:00:00-04:00,45.390201568603516
2019-04-01 00:00:00-04:00,45.69845962524414
2019-04-02 00:00:00-04:00,46.36277770996094
2019-04-03 00:00:00-04:00,46.68059158325195
2019-04-04 00:00:00-04:00,46.7618293762207
2019-04-05 00:00:00-04:00,47.07487487792969
2019-04-08 00:00:00-04:00,47.81563949584961
2019-04-09 00:00:00-04:00,47.67227554321289
2019-04-10 00:00:00-04:00,47.93989944458008
2019-04-11 00:00:00-04:00,47.540836334228516
2019-04-12 00:00:00-04:00,47.521728515625
2019-04-15 00:00:00-04:00,47.60774230957031
2019-04-16 00:00:00-04:00,47.61252975463867
2019-04-17 00:00:00-04:00,48.5396842956543
2019-04-18 00:00:00-04:00,48.714134216308594
2019-04-22 00:00:00-04:00,48.874237060546875
2019-04-23 00:00:00-04:00,49.579158782958984
2019-04-24 00:00:00-04:00,49.502689361572266
2019-04-25 00:00:00-04:00,49.053443908691406
2019-04-26 00:00:00-04:00,48.81926727294922
2019-04-29 00:00:00-04:00,48.893341064453125
2019-04-30 00:00:00-04:00,47.951839447021484
2019-05-01 00:00:00-04:00,50.305580139160156
2019-05-02 00:00:00-04:00,49.97821807861328
2019-05-03 00:00:00-04:00,50.599517822265625
2019-05-06 00:00:00-04:00,49.818111419677734
2019-05-07 00:00:00-04:00,48.47517013549805
2019-05-08 00:00:00-04:00,48.48472213745117
2019-05-09 00:00:00-04:00,47.96379852294922
2019-05-10 00:00:00-04:00,47.29933547973633
2019-05-13 00:00:00-04:00,44.550323486328125
2019-05-14 00:00:00-04:00,45.25556182861328
2019-05-15 00:00:00-04:00,45.79769515991211
2019-05-16 00:00:00-04:00,45.596195220947266
2019-05-17 00:00:00-04:00,45.337127685546875
2019-05-20 00:00:00-04:00,43.91943359375
2019-05-21 00:00:00-04:00,44.76140594482422
2019-05-22 00:00:00-04:00,43.84507751464844
2019-05-23 00:00:00-04:00,43.096656799316406
2019-05-24 00:00:00-04:00,42.93113327026367
2019-05-28 00:00:00-04:00,42.75362777709961
2019-05-29 00:00:00-04:00,42.54973602294922
2019-05-30 00:00:00-04:00,42.77042770385742
2019-05-31 00:00:00-04:00,41.995609283447266
2019-06-03 00:00:00-04:00,41.57102584838867
2019-06-04 00:00:00-04:00,43.09185028076172
2019-06-05 00:00:00-04:00,43.78750991821289
2019-06-06 00:00:00-04:00,44.43037796020508
2019-06-07 00:00:00-04:00,45.61298370361328
2019-06-10 00:00:00-04:00,46.195892333984375
2019-06-11 00:00:00-04:00,46.73081970214844
2019-06-12 00:00:00-04:00,46.582088470458984
2019-06-13 00:00:00-04:00,46.57249450683594
2019-06-14 00:00:00-04:00,46.23427963256836
2019-06-17 00:00:00-04:00,46.510128021240234
2019-06-18 00:00:00-04:00,47.603973388671875
2019-06-19 00:00:00-04:00,47.46485137939453
2019-06-20 00:00:00-04:00,47.84625244140625
2019-06-21 00:00:00-04:00,47.683135986328125
2019-06-24 00:00:00-04:00,47.63516616821289
2019-06-25 00:00:00-04:00,46.91312789916992
2019-06-26 00:00:00-04:00,47.92780303955078
2019-06-27 00:00:00-04:00,47.913421630859375
2019-06-28 00:00:00-04:00,47.47683334350586
2019-07-01 00:00:00-04:00,48.34761428833008
2019-07-02 00:00:00-04:00,48.630653381347656
2019-07-03 00:00:00-04:00,49.03365707397461
2019-07-05 00:00:00-04:00,48.990478515625
2019-07-08 00:00:00-04:00,47.980594635009766
2019-07-09 00:00:00-04:00,48.27323913574219
2019-07-10 00:00:00-04:00,48.7505989074707
2019-07-11 00:00:00-04:00,48.39558029174805
2019-07-12 00:00:00-04:00,48.76739501953125
2019-07-15 00:00:00-04:00,49.22556686401367
2019-07-16 00:00:00-04:00,49.055240631103516
2019-07-17 00:00:00-04:00,48.779380798339844
2019-07-18 00:00:00-04:00,49.3335075378418
2019-07-19 00:00:00-04:00,48.59707260131836
2019-07-22 00:00:00-04:00,49.70771026611328
2019-07-23 00:00:00-04:00,50.0963249206543
2019-07-24 00:00:00-04:00,50.055538177490234
2019-07-25 00:00:00-04:00,49.65974426269531
2019-07-26 00:00:00-04:00,49.832454681396484
2019-07-29 00:00:00-04:00,50.297813415527344
2019-07-30 00:00:00-04:00,50.08192825317383
2019-07-31 00:00:00-04:00,51.10380172729492
2019-08-01 00:00:00-04:00,49.99797058105469
2019-08-02 00:00:00-04:00,48.940101623535156
2019-08-05 00:00:00-04:00,46.37820053100586
2019-08-06 00:00:00-04:00,47.25615310668945
2019-08-07 00:00:00-04:00,47.7454948425293
2019-08-08 00:00:00-04:00,48.7985725402832
2019-08-09 00:00:00-04:00,48.396446228027344
2019-08-12 00:00:00-04:00,48.27365493774414
2019-08-13 00:00:00-04:00,50.31795883178711
2019-08-14 00:00:00-04:00,48.82024383544922
2019-08-15 00:00:00-04:00,48.57704544067383
2019-08-16 00:00:00-04:00,49.72321319580078
2019-08-19 00:00:00-04:00,50.65024948120117
2019-08-20 00:00:00-04:00,50.65265655517578
2019-08-21 00:00:00-04:00,51.20165252685547
2019-08-22 00:00:00-04:00,51.1583251953125
2019-08-23 00:00:00-04:00,48.79375457763672
2019-08-26 00:00:00-04:00,49.720802307128906
2019-08-27 00:00:00-04:00,49.15975570678711
2019-08-28 00:00:00-04:00,49.48964309692383
2019-08-29 00:00:00-04:00,50.32759475708008
2019-08-30 00:00:00-04:00,50.26258850097656
2019-09-03 00:00:00-04:00,49.530582427978516
2019-09-04 00:00:00-04:00,50.370933532714844
2019-09-05 00:00:00-04:00,51.35576248168945
2019-09-06 00:00:00-04:00,51.3509521484375
2019-09-09 00:00:00-04:00,51.570072174072266
2019-09-10 00:00:00-04:00,52.17926025390625
2019-09-11 00:00:00-04:00,53.83830642700195
2019-09-12 00:00:00-04:00,53.71791458129883
2019-09-13 00:00:00-04:00,52.67289733886719
2019-09-16 00:00:00-04:00,52.949798583984375
2019-09-17 00:00:00-04:00,53.14242935180664
2019-09-18 00:00:00-04:00,53.64086151123047
2019-09-19 00:00:00-04:00,53.205047607421875
2019-09-20 00:00:00-04:00,52.42728042602539
2019-09-23 00:00:00-04:00,52.66566467285156
2019-09-24 00:00:00-04:00,52.41523742675781
2019-09-25 00:00:00-04:00,53.22190475463867
2019-09-26 00:00:00-04:00,52.947391510009766
2019-09-27 00:00:00-04:00,52.689754486083984
2019-09-30 00:00:00-04:00,53.9298210144043
2019-10-01 00:00:00-04:00,54.079097747802734
2019-10-02 00:00:00-04:00,52.72345733642578
2019-10-03 00:00:00-04:00,53.17132568359375
2019-10-04 00:00:00-04:00,54.66182327270508
2019-10-07 00:00:00-04:00,54.67387390136719
2019-10-08 00:00:00-04:00,54.033363342285156
2019-10-09 00:00:00-04:00,54.66663360595703
2019-10-10 00:00:00-04:00,55.4034538269043
2019-10-11 00:00:00-04:00,56.87709045410156
2019-10-14 00:00:00-04:00,56.79521942138672
2019-10-15 00:00:00-04:00,56.66278839111328
2019-10-16 00:00:00-04:00,56.43404006958008
2019-10-17 00:00:00-04:00,56.65315246582031
2019-10-18 00:00:00-04:00,56.92524719238281
2019-10-21 00:00:00-04:00,57.9124870300293
2019-10-22 00:00:00-04:00,57.780052185058594
2019-10-23 00:00:00-04:00,58.55540466308594
2019-10-24 00:00:00-04:00,58.65171813964844
2019-10-25 00:00:00-04:00,59.374088287353516
2019-10-28 00:00:00-04:00,59.96883773803711
2019-10-29 00:00:00-04:00,58.58189010620117
2019-10-30 00:00:00-04:00,58.57466125488281
2019-10-31 00:00:00-04:00,59.89900207519531
2019-11-01 00:00:00-04:00,61.59898376464844
2019-11-04 00:00:00-05:00,62.00352096557617
2019-11-05 00:00:00-05:00,61.914424896240234
2019-11-06 00:00:00-05:00,61.94091796875
2019-11-07 00:00:00-05:00,62.655799865722656
2019-11-08 00:00:00-05:00,62.827266693115234
2019-11-11 00:00:00-05:00,63.32477951049805
2019-11-12 00:00:00-05:00,63.26683044433594
2019-11-13 00:00:00-05:00,63.873008728027344
2019-11-14 00:00:00-05:00,63.431026458740234
2019-11-15 00:00:00-05:00,64.18456268310547
2019-11-18 00:00:00-05:00,64.5082015991211
2019-11-19 00:00:00-05:00,64.31256866455078
2019-11-20 00:00:00-05:00,63.56387710571289
2019-11-21 00:00:00-05:00,63.278907775878906
2019-11-22 00:00:00-05:00,63.22334671020508
2019-11-25 00:00:00-05:00,64.3318862915039
2019-11-26 00:00:00-05:00,63.82956314086914
2019-11-27 00:00:00-05:00,64.68689727783203
2019-11-29 00:00:00-05:00,64.54442596435547
2019-12-02 00:00:00-05:00,63.79814910888672
2019-12-03 00:00:00-05:00,62.66062545776367
2019-12-04 00:00:00-05:00,63.21369171142578
2019-12-05 00:00:00-05:00,64.14109802246094
2019-12-06 00:00:00-05:00,65.38005065917969
2019-12-09 00:00:00-05:00,64.46473693847656
2019-12-10 00:00:00-05:00,64.84147644042969
2019-12-11 00:00:00-05:00,65.39453887939453
2019-12-12 00:00:00-05:00,65.56119537353516
2019-12-13 00:00:00-05:00,66.45238494873047
2019-12-16 00:00:00-05:00,67.58990478515625
2019-12-17 00:00:00-05:00,67.72273254394531
2019-12-18 00:00:00-05:00,67.56092834472656
2019-12-19 00:00:00-05:00,67.6285400390625
2019-12-20 00:00:00-05:00,67.48847961425781
2019-12-23 00:00:00-05:00,68.58978271484375
2019-12-24 00:00:00-05:00,68.65497589111328
2019-12-26 00:00:00-05:00,70.01712799072266
2019-12-27 00:00:00-05:00,69.99056243896484
2019-12-30 00:00:00-05:00,70.40593719482422
2019-12-31 00:00:00-05:00,70.92037963867188
2020-01-02 00:00:00-05:00,72.53851318359375
2020-01-03 00:00:00-05:00,71.83328247070312
2020-01-06 00:00:00-05:00,72.40567016601562
2020-01-07 00:00:00-05:00,72.06515502929688
2020-01-08 00:00:00-05:00,73.22442626953125
2020-01-09 00:00:00-05:00,74.77976989746094
2020-01-10 00:00:00-05:00,74.94880676269531
2020-01-13 00:00:00-05:00,76.550048828125
2020-01-14 00:00:00-05:00,75.5163803100586
2020-01-15 00:00:00-05:00,75.19274139404297
2020-01-16 00:00:00-05:00,76.1346435546875
2020-01-17 00:00:00-05:00,76.9775390625
2020-01-21 00:00:00-05:00,76.45587158203125
2020-01-22 00:00:00-05:00,76.72877502441406
2020-01-23 00:00:00-05:00,77.0982894897461
2020-01-24 00:00:00-05:00,76.8760986328125
2020-01-27 00:00:00-05:00,74.61551666259766
2020-01-28 00:00:00-05:00,76.72634887695312
2020-01-29 00:00:00-05:00,78.3324203491211
2020-01-30 00:00:00-05:00,78.2188949584961
2020-01-31 00:00:00-05:00,74.75076293945312
2020-02-03 00:00:00-05:00,74.54549407958984
2020-02-04 00:00:00-05:00,77.00652313232422
2020-02-05 00:00:00-05:00,77.63446044921875
2020-02-06 00:00:00-05:00,78.54252624511719
2020-02-07 00:00:00-05:00,77.47492218017578
2020-02-10 00:00:00-05:00,77.84288787841797
2020-02-11 00:00:00-05:00,77.37326049804688
2020-02-12 00:00:00-05:00,79.210693359375
2020-02-13 00:00:00-05:00,78.6466293334961
2020-02-14 00:00:00-05:00,78.66600036621094
2020-02-18 00:00:00-05:00,77.22559356689453
2020-02-19 00:00:00-05:00,78.34402465820312
2020-02-20 00:00:00-05:00,77.540283203125
2020-02-21 00:00:00-05:00,75.78517150878906
2020-02-24 00:00:00-05:00,72.18534088134766
2020-02-25 00:00:00-05:00,69.7402572631836
2020-02-26 00:00:00-05:00,70.84658813476562
2020-02-27 00:00:00-05:00,66.21548461914062
2020-02-28 00:00:00-05:00,66.1767578125
2020-03-02 00:00:00-05:00,72.33785247802734
2020-03-03 00:00:00-05:00,70.04045104980469
2020-03-04 00:00:00-05:00,73.28924560546875
2020-03-05 00:00:00-05:00,70.91194915771484
2020-03-06 00:00:00-05:00,69.97025299072266
2020-03-09 00:00:00-04:00,64.4361572265625
2020-03-10 00:00:00-04:00,69.07695007324219
2020-03-11 00:00:00-04:00,66.67787170410156
2020-03-12 00:00:00-04:00,60.09311294555664
2020-03-13 00:00:00-04:00,67.29278564453125
2020-03-16 00:00:00-04:00,58.63576126098633
2020-03-17 00:00:00-04:00,61.21398162841797
2020-03-18 00:00:00-04:00,59.71546936035156
2020-03-19 00:00:00-04:00,59.25792694091797
2020-03-20 00:00:00-04:00,55.49589920043945
2020-03-23 00:00:00-04:00,54.316932678222656
2020-03-24 00:00:00-04:00,59.76630783081055
2020-03-25 00:00:00-04:00,59.437068939208984
2020-03-26 00:00:00-04:00,62.564823150634766
2020-03-27 00:00:00-04:00,59.974491119384766
2020-03-30 00:00:00-04:00,61.68605422973633
2020-03-31 00:00:00-04:00,61.56016540527344
2020-04-01 00:00:00-04:00,58.321044921875
2020-04-02 00:00:00-04:00,59.29423522949219
2020-04-03 00:00:00-04:00,58.44208526611328
2020-04-06 00:00:00-04:00,63.54041290283203
2020-04-07 00:00:00-04:00,62.80450439453125
2020-04-08 00:00:00-04:00,64.41194915771484
2020-04-09 00:00:00-04:00,64.87676239013672
2020-04-13 00:00:00-04:00,66.15011596679688
2020-04-14 00:00:00-04:00,69.49090576171875
2020-04-15 00:00:00-04:00,68.8566665649414
2020-04-16 00:00:00-04:00,69.40374755859375
2020-04-17 00:00:00-04:00,68.46204376220703
2020-04-20 00:00:00-04:00,67.04100799560547
2020-04-21 00:00:00-04:00,64.96874237060547
2020-04-22 00:00:00-04:00,66.84005737304688
2020-04-23 00:00:00-04:00,66.5810546875
2020-04-24 00:00:00-04:00,68.50321197509766
2020-04-27 00:00:00-04:00,68.55162048339844
2020-04-28 00:00:00-04:00,67.44044494628906
2020-04-29 00:00:00-04:00,69.65554809570312
2020-04-30 00:00:00-04:00,71.125
2020-05-01 00:00:00-04:00,69.97992706298828
2020-05-04 00:00:00-04:00,70.97006225585938
2020-05-05 00:00:00-04:00,72.03523254394531
2020-05-06 00:00:00-04:00,72.77845764160156
2020-05-07 00:00:00-04:00,73.53133392333984
2020-05-08 00:00:00-04:00,75.2815170288086
2020-05-11 00:00:00-04:00,76.4660873413086
2020-05-12 00:00:00-04:00,75.59220123291016
2020-05-13 00:00:00-04:00,74.67949676513672
2020-05-14 00:00:00-04:00,75.1382827758789
2020-05-15 00:00:00-04:00,74.69408416748047
2020-05-18 00:00:00-04:00,76.4539566040039
2020-05-19 00:00:00-04:00,76.01216888427734
2020-05-20 00:00:00-04:00,77.4904556274414
2020-05-21 00:00:00-04:00,76.91275024414062
2020-05-22 00:00:00-04:00,77.40794372558594
2020-05-26 00:00:00-04:00,76.88360595703125
2020-05-27 00:00:00-04:00,77.21858978271484
2020-05-28 00:00:00-04:00,77.2525634765625
2020-05-29 00:00:00-04:00,77.17731475830078
2020-06-01 00:00:00-04:00,78.12643432617188
2020-06-02 00:00:00-04:00,78.48812866210938
2020-06-03 00:00:00-04:00,78.92021942138672
2020-06-04 00:00:00-04:00,78.24052429199219
2020-06-05 00:00:00-04:00,80.46890258789062
2020-06-08 00:00:00-04:00,80.94466400146484
2020-06-09 00:00:00-04:00,83.500732421875
2020-06-10 00:00:00-04:00,85.64901733398438
2020-06-11 00:00:00-04:00,81.5369644165039
2020-06-12 00:00:00-04:00,82.24091339111328
2020-06-15 00:00:00-04:00,83.25799560546875
2020-06-16 00:00:00-04:00,85.46451568603516
2020-06-17 00:00:00-04:00,85.3455581665039
2020-06-18 00:00:00-04:00,85.37957763671875
2020-06-19 00:00:00-04:00,84.89164733886719
2020-06-22 00:00:00-04:00,87.11274719238281
2020-06-23 00:00:00-04:00,88.97217559814453
2020-06-24 00:00:00-04:00,87.401611328125
2020-06-25 00:00:00-04:00,88.56192016601562
2020-06-26 00:00:00-04:00,85.84077453613281
2020-06-29 00:00:00-04:00,87.81909942626953
2020-06-30 00:00:00-04:00,88.55221557617188
2020-07-01 00:00:00-04:00,88.38469696044922
2020-07-02 00:00:00-04:00,88.38469696044922
2020-07-06 00:00:00-04:00,90.7490234375
2020-07-07 00:00:00-04:00,90.4674301147461
2020-07-08 00:00:00-04:00,92.57443237304688
2020-07-09 00:00:00-04:00,92.97251892089844
2020-07-10 00:00:00-04:00,93.1351547241211
2020-07-13 00:00:00-04:00,92.70550537109375
2020-07-14 00:00:00-04:00,94.23966217041016
2020-07-15 00:00:00-04:00,94.88776397705078
2020-07-16 00:00:00-04:00,93.72018432617188
2020-07-17 00:00:00-04:00,93.53083038330078
2020-07-20 00:00:00-04:00,95.50190734863281
2020-07-21 00:00:00-04:00,94.18382263183594
2020-07-22 00:00:00-04:00,94.44840240478516
2020-07-23 00:00:00-04:00,90.14945220947266
2020-07-24 00:00:00-04:00,89.92611694335938
2020-07-27 00:00:00-04:00,92.05738830566406
2020-07-28 00:00:00-04:00,90.54512786865234
2020-07-29 00:00:00-04:00,92.28072357177734
2020-07-30 00:00:00-04:00,93.39730834960938
2020-07-31 00:00:00-04:00,103.17498016357422
2020-08-03 00:00:00-04:00,105.77472686767578
2020-08-04 00:00:00-04:00,106.48111724853516
2020-08-05 00:00:00-04:00,106.86705780029297
2020-08-06 00:00:00-04:00,110.5955810546875
2020-08-07 00:00:00-04:00,108.08111572265625
2020-08-10 00:00:00-04:00,109.65204620361328
2020-08-11 00:00:00-04:00,106.39100646972656
2020-08-12 00:00:00-04:00,109.92684173583984
2020-08-13 00:00:00-04:00,111.87226104736328
2020-08-14 00:00:00-04:00,111.7725601196289
2020-08-17 00:00:00-04:00,111.48077392578125
2020-08-18 00:00:00-04:00,112.4096908569336
2020-08-19 00:00:00-04:00,112.55073547363281
2020-08-20 00:00:00-04:00,115.0481948852539
2020-08-21 00:00:00-04:00,120.97692108154297
2020-08-24 00:00:00-04:00,122.423828125
2020-08-25 00:00:00-04:00,121.41950225830078
2020-08-26 00:00:00-04:00,123.0706787109375
2020-08-27 00:00:00-04:00,121.59945678710938
2020-08-28 00:00:00-04:00,121.40248107910156
2020-08-31 00:00:00-04:00,125.5195083618164
2020-09-01 00:00:00-04:00,130.519287109375
2020-09-02 00:00:00-04:00,127.81512451171875
2020-09-03 00:00:00-04:00,117.58212280273438
2020-09-04 00:00:00-04:00,117.65994262695312
2020-09-08 00:00:00-04:00,109.74202728271484
2020-09-09 00:00:00-04:00,114.11924743652344
2020-09-10 00:00:00-04:00,110.39373016357422
2020-09-11 00:00:00-04:00,108.94437408447266
2020-09-14 00:00:00-04:00,112.21270751953125
2020-09-15 00:00:00-04:00,112.38780975341797
2020-09-16 00:00:00-04:00,109.07083129882812
2020-09-17 00:00:00-04:00,107.32967376708984
2020-09-18 00:00:00-04:00,103.9251708984375
2020-09-21 00:00:00-04:00,107.0767822265625
2020-09-22 00:00:00-04:00,108.75956726074219
2020-09-23 00:00:00-04:00,104.19754028320312
2020-09-24 00:00:00-04:00,105.26751708984375
2020-09-25 00:00:00-04:00,109.21675872802734
2020-09-28 00:00:00-04:00,111.82364654541016
2020-09-29 00:00:00-04:00,110.97737121582031
2020-09-30 00:00:00-04:00,112.65043640136719
2020-10-01 00:00:00-04:00,113.60372161865234
2020-10-02 00:00:00-04:00,109.93655395507812
2020-10-05 00:00:00-04:00,113.32162475585938
2020-10-06 00:00:00-04:00,110.07275390625
2020-10-07 00:00:00-04:00,111.94034576416016
2020-10-08 00:00:00-04:00,111.83336639404297
2020-10-09 00:00:00-04:00,113.77880096435547
2020-10-12 00:00:00-04:00,121.00608825683594
2020-10-13 00:00:00-04:00,117.7961196899414
2020-10-14 00:00:00-04:00,117.88367462158203
2020-10-15 00:00:00-04:00,117.41676330566406
2020-10-16 00:00:00-04:00,115.77287292480469
2020-10-19 00:00:00-04:00,112.81581115722656
2020-10-20 00:00:00-04:00,114.30406951904297
2020-10-21 00:00:00-04:00,113.68151092529297
2020-10-22 00:00:00-04:00,112.59209442138672
2020-10-23 00:00:00-04:00,111.90145874023438
2020-10-26 00:00:00-04:00,111.91119384765625
2020-10-27 00:00:00-04:00,113.41889190673828
2020-10-28 00:00:00-04:00,108.16622924804688
2020-10-29 00:00:00-04:00,112.17379760742188
2020-10-30 00:00:00-04:00,105.89005279541016
2020-11-02 00:00:00-05:00,105.80252075195312
2020-11-03 00:00:00-05:00,107.42694854736328
2020-11-04 00:00:00-05:00,111.81389617919922
2020-11-05 00:00:00-05:00,115.7825927734375
2020-11-06 00:00:00-05:00,115.65106964111328
2020-11-09 00:00:00-05:00,113.34174346923828
2020-11-10 00:00:00-05:00,113.00070190429688
2020-11-11 00:00:00-05:00,116.43055725097656
2020-11-12 00:00:00-05:00,116.15774536132812
2020-11-13 00:00:00-05:00,116.20645141601562
2020-11-16 00:00:00-05:00,117.21984100341797
2020-11-17 00:00:00-05:00,116.33313751220703
2020-11-18 00:00:00-05:00,115.0079574584961
2020-11-19 00:00:00-05:00,115.60234069824219
2020-11-20 00:00:00-05:00,114.33560943603516
2020-11-23 00:00:00-05:00,110.93498229980469
2020-11-24 00:00:00-05:00,112.22118377685547
2020-11-25 00:00:00-05:00,113.05915069580078
2020-11-27 00:00:00-05:00,113.60484313964844
2020-11-30 00:00:00-05:00,116.00183868408203
2020-12-01 00:00:00-05:00,119.57787322998047
2020-12-02 00:00:00-05:00,119.92867279052734
2020-12-03 00:00:00-05:00,119.792236328125
2020-12-04 00:00:00-05:00,119.11990356445312
2020-12-07 00:00:00-05:00,120.58147430419922
2020-12-08 00:00:00-05:00,121.19536590576172
2020-12-09 00:00:00-05:00,118.66193389892578
2020-12-10 00:00:00-05:00,120.08456420898438
2020-12-11 00:00:00-05:00,119.27579498291016
2020-12-14 00:00:00-05:00,118.66193389892578
2020-12-15 00:00:00-05:00,124.60575103759766
2020-12-16 00:00:00-05:00,124.53754425048828
2020-12-17 00:00:00-05:00,125.40474700927734
2020-12-18 00:00:00-05:00,123.4170150756836
2020-12-21 00:00:00-05:00,124.94677734375
2020-12-22 00:00:00-05:00,128.5033416748047
2020-12-23 00:00:00-05:00,127.60688781738281
2020-12-24 00:00:00-05:00,128.5910186767578
2020-12-28 00:00:00-05:00,133.19020080566406
2020-12-29 00:00:00-05:00,131.41680908203125
2020-12-30 00:00:00-05:00,130.2962188720703
2020-12-31 00:00:00-05:00,129.2926025390625
2021-01-04 00:00:00-05:00,126.0965576171875
2021-01-05 00:00:00-05:00,127.6556167602539
2021-01-06 00:00:00-05:00,123.35852813720703
2021-01-07 00:00:00-05:00,127.56793975830078
2021-01-08 00:00:00-05:00,128.66900634765625
2021-01-11 00:00:00-05:00,125.6775894165039
2021-01-12 00:00:00-05:00,125.50218963623047
2021-01-13 00:00:00-05:00,127.5386734008789
2021-01-14 00:00:00-05:00,125.60938262939453
2021-01-15 00:00:00-05:00,123.88469696044922
2021-01-19 00:00:00-05:00,124.5570297241211
2021-01-20 00:00:00-05:00,128.64947509765625
2021-01-21 00:00:00-05:00,133.36557006835938
2021-01-22 00:00:00-05:00,135.50924682617188
2021-01-25 00:00:00-05:00,139.2606658935547
2021-01-26 00:00:00-05:00,139.4945526123047
2021-01-27 00:00:00-05:00,138.4226531982422
2021-01-28 00:00:00-05:00,133.5799560546875
2021-01-29 00:00:00-05:00,128.58126831054688
2021-02-01 00:00:00-05:00,130.70547485351562
2021-02-02 00:00:00-05:00,131.53372192382812
2021-02-03 00:00:00-05:00,130.5105743408203
2021-02-04 00:00:00-05:00,133.87229919433594
2021-02-05 00:00:00-05:00,133.45753479003906
2021-02-08 00:00:00-05:00,133.60389709472656
2021-02-09 00:00:00-05:00,132.7256317138672
2021-02-10 00:00:00-05:00,132.12060546875
2021-02-11 00:00:00-05:00,131.86685180664062
2021-02-12 00:00:00-05:00,132.1011199951172
2021-02-16 00:00:00-05:00,129.97373962402344
2021-02-17 00:00:00-05:00,127.6804428100586
2021-02-18 00:00:00-05:00,126.57774353027344
2021-02-19 00:00:00-05:00,126.73390197753906
2021-02-22 00:00:00-05:00,122.95735168457031
2021-02-23 00:00:00-05:00,122.82073211669922
2021-02-24 00:00:00-05:00,122.32305908203125
2021-02-25 00:00:00-05:00,118.06832122802734
2021-02-26 00:00:00-05:00,118.33182525634766
2021-03-01 00:00:00-05:00,124.7041244506836
2021-03-02 00:00:00-05:00,122.0986099243164
2021-03-03 00:00:00-05:00,119.11248016357422
2021-03-04 00:00:00-05:00,117.22908020019531
2021-03-05 00:00:00-05:00,118.48794555664062
2021-03-08 00:00:00-05:00,113.55014038085938
2021-03-09 00:00:00-05:00,118.16590881347656
2021-03-10 00:00:00-05:00,117.0827407836914
2021-03-11 00:00:00-05:00,119.0149154663086
2021-03-12 00:00:00-05:00,118.10736083984375
2021-03-15 00:00:00-04:00,120.9958724975586
2021-03-16 00:00:00-04:00,122.53773498535156
2021-03-17 00:00:00-04:00,121.747314453125
2021-03-18 00:00:00-04:00,117.61945343017578
2021-03-19 00:00:00-04:00,117.09248352050781
2021-03-22 00:00:00-04:00,120.41036224365234
2021-03-23 00:00:00-04:00,119.58092498779297
2021-03-24 00:00:00-04:00,117.19005584716797
2021-03-25 00:00:00-04:00,117.67800903320312
2021-03-26 00:00:00-04:00,118.28302764892578
2021-03-29 00:00:00-04:00,118.45868682861328
2021-03-30 00:00:00-04:00,117.0046615600586
2021-03-31 00:00:00-04:00,119.20032501220703
2021-04-01 00:00:00-04:00,120.02979278564453
2021-04-05 00:00:00-04:00,122.85977172851562
2021-04-06 00:00:00-04:00,123.16228485107422
2021-04-07 00:00:00-04:00,124.81147766113281
2021-04-08 00:00:00-04:00,127.21206665039062
2021-04-09 00:00:00-04:00,129.78829956054688
2021-04-12 00:00:00-04:00,128.07080078125
2021-04-13 00:00:00-04:00,131.18374633789062
2021-04-14 00:00:00-04:00,128.84173583984375
2021-04-15 00:00:00-04:00,131.2520751953125
2021-04-16 00:00:00-04:00,130.92031860351562
2021-04-19 00:00:00-04:00,131.5839080810547
2021-04-20 00:00:00-04:00,129.89564514160156
2021-04-21 00:00:00-04:00,130.27622985839844
2021-04-22 00:00:00-04:00,128.75390625
2021-04-23 00:00:00-04:00,131.0764617919922
2021-04-26 00:00:00-04:00,131.466796875
2021-04-27 00:00:00-04:00,131.14474487304688
2021-04-28 00:00:00-04:00,130.35433959960938
2021-04-29 00:00:00-04:00,130.2567138671875
2021-04-30 00:00:00-04:00,128.28553771972656
2021-05-03 00:00:00-04:00,129.3394317626953
2021-05-04 00:00:00-04:00,124.76264953613281
2021-05-05 00:00:00-04:00,125.00665283203125
2021-05-06 00:00:00-04:00,126.60704803466797
2021-05-07 00:00:00-04:00,127.28152465820312
2021-05-10 00:00:00-04:00,123.9970932006836
2021-05-11 00:00:00-04:00,123.0782470703125
2021-05-12 00:00:00-04:00,120.00885009765625
2021-05-13 00:00:00-04:00,122.15937042236328
2021-05-14 00:00:00-04:00,124.58358764648438
2021-05-17 00:00:00-04:00,123.43013000488281
2021-05-18 00:00:00-04:00,122.04206848144531
2021-05-19 00:00:00-04:00,121.88568115234375
2021-05-20 00:00:00-04:00,124.44674682617188
2021-05-21 00:00:00-04:00,122.6090316772461
2021-05-24 00:00:00-04:00,124.2414779663086
2021-05-25 00:00:00-04:00,124.04596710205078
2021-05-26 00:00:00-04:00,123.9970932006836
2021-05-27 00:00:00-04:00,122.46240234375
2021-05-28 00:00:00-04:00,121.80747985839844
2021-06-01 00:00:00-04:00,121.48487854003906
2021-06-02 00:00:00-04:00,122.2473373413086
2021-06-03 00:00:00-04:00,120.76153564453125
2021-06-04 00:00:00-04:00,123.05867004394531
2021-06-07 00:00:00-04:00,123.0684585571289
2021-06-08 00:00:00-04:00,123.88956451416016
2021-06-09 00:00:00-04:00,124.27076721191406
2021-06-10 00:00:00-04:00,123.27373504638672
2021-06-11 00:00:00-04:00,124.48585510253906
2021-06-14 00:00:00-04:00,127.54544067382812
2021-06-15 00:00:00-04:00,126.72434997558594
2021-06-16 00:00:00-04:00,127.22289276123047
2021-06-17 00:00:00-04:00,128.82595825195312
2021-06-18 00:00:00-04:00,127.52588653564453
2021-06-21 00:00:00-04:00,129.32452392578125
2021-06-22 00:00:00-04:00,130.96673583984375
2021-06-23 00:00:00-04:00,130.69302368164062
2021-06-24 00:00:00-04:00,130.40957641601562
2021-06-25 00:00:00-04:00,130.1162872314453
2021-06-28 00:00:00-04:00,131.74874877929688
2021-06-29 00:00:00-04:00,133.26388549804688
2021-06-30 00:00:00-04:00,133.87973022460938
2021-07-01 00:00:00-04:00,134.18275451660156
2021-07-02 00:00:00-04:00,136.812255859375
2021-07-06 00:00:00-04:00,138.82589721679688
2021-07-07 00:00:00-04:00,141.31857299804688
2021-07-08 00:00:00-04:00,140.01849365234375
2021-07-09 00:00:00-04:00,141.8463897705078
2021-07-12 00:00:00-04:00,141.25013732910156
2021-07-13 00:00:00-04:00,142.364501953125
2021-07-14 00:00:00-04:00,145.79551696777344
2021-07-15 00:00:00-04:00,145.140625
2021-07-16 00:00:00-04:00,143.09765625
2021-07-19 00:00:00-04:00,139.24623107910156
2021-07-20 00:00:00-04:00,142.86302185058594
2021-07-21 00:00:00-04:00,142.12989807128906
2021-07-22 00:00:00-04:00,143.4984130859375
2021-07-23 00:00:00-04:00,145.2188262939453
2021-07-26 00:00:00-04:00,145.63914489746094
2021-07-27 00:00:00-04:00,143.4690704345703
2021-07-28 00:00:00-04:00,141.7193145751953
2021-07-29 00:00:00-04:00,142.364501953125
2021-07-30 00:00:00-04:00,142.5795440673828
2021-08-02 00:00:00-04:00,142.2471923828125
2021-08-03 00:00:00-04:00,144.04580688476562
2021-08-04 00:00:00-04:00,143.64505004882812
2021-08-05 00:00:00-04:00,143.7525634765625
2021-08-06 00:00:00-04:00,143.06727600097656
2021-08-09 00:00:00-04:00,143.0183563232422
2021-08-10 00:00:00-04:00,142.5386505126953
2021-08-11 00:00:00-04:00,142.79315185546875
2021-08-12 00:00:00-04:00,145.75949096679688
2021-08-13 00:00:00-04:00,145.96505737304688
2021-08-16 00:00:00-04:00,147.94253540039062
2021-08-17 00:00:00-04:00,147.03211975097656
2021-08-18 00:00:00-04:00,143.2826385498047
2021-08-19 00:00:00-04:00,143.61550903320312
2021-08-20 00:00:00-04:00,145.0741729736328
2021-08-23 00:00:00-04:00,146.56224060058594
2021-08-24 00:00:00-04:00,146.47412109375
2021-08-25 00:00:00-04:00,145.2406005859375
2021-08-26 00:00:00-04:00,144.4378204345703
2021-08-27 00:00:00-04:00,145.4755401611328
2021-08-30 00:00:00-04:00,149.90048217773438
2021-08-31 00:00:00-04:00,148.63766479492188
2021-09-01 00:00:00-04:00,149.3033447265625
2021-09-02 00:00:00-04:00,150.41937255859375
2021-09-03 00:00:00-04:00,151.0557098388672
2021-09-07 00:00:00-04:00,153.39547729492188
2021-09-08 00:00:00-04:00,151.84869384765625
2021-09-09 00:00:00-04:00,150.83053588867188
2021-09-10 00:00:00-04:00,145.83778381347656
2021-09-13 00:00:00-04:00,146.40557861328125
2021-09-14 00:00:00-04:00,145.0056610107422
2021-09-15 00:00:00-04:00,145.89651489257812
2021-09-16 00:00:00-04:00,145.66151428222656
2021-09-17 00:00:00-04:00,142.98895263671875
2021-09-20 00:00:00-04:00,139.93455505371094
2021-09-21 00:00:00-04:00,140.41424560546875
2021-09-22 00:00:00-04:00,142.7833709716797
2021-09-23 00:00:00-04:00,143.7427978515625
2021-09-24 00:00:00-04:00,143.8308563232422
2021-09-27 00:00:00-04:00,142.3134765625
2021-09-28 00:00:00-04:00,138.9262237548828
2021-09-29 00:00:00-04:00,139.82688903808594
2021-09-30 00:00:00-04:00,138.52487182617188
2021-10-01 00:00:00-04:00,139.65066528320312
2021-10-04 00:00:00-04:00,136.21446228027344
2021-10-05 00:00:00-04:00,138.14306640625
2021-10-06 00:00:00-04:00,139.0143585205078
2021-10-07 00:00:00-04:00,140.27720642089844
2021-10-08 00:00:00-04:00,139.89541625976562
2021-10-11 00:00:00-04:00,139.80726623535156
2021-10-12 00:00:00-04:00,138.53463745117188
2021-10-13 00:00:00-04:00,137.94723510742188
2021-10-14 00:00:00-04:00,140.73733520507812
2021-10-15 00:00:00-04:00,141.79461669921875
2021-10-18 00:00:00-04:00,143.46865844726562
2021-10-19 00:00:00-04:00,145.63221740722656
2021-10-20 00:00:00-04:00,146.1216583251953
2021-10-21 00:00:00-04:00,146.3370361328125
2021-10-22 00:00:00-04:00,145.56369018554688
2021-10-25 00:00:00-04:00,145.51473999023438
2021-10-26 00:00:00-04:00,146.18040466308594
2021-10-27 00:00:00-04:00,145.7202911376953
2021-10-28 00:00:00-04:00,149.36212158203125
2021-10-29 00:00:00-04:00,146.65032958984375
2021-11-01 00:00:00-04:00,145.82801818847656
2021-11-02 00:00:00-04:00,146.86569213867188
2021-11-03 00:00:00-04:00,148.30479431152344
2021-11-04 00:00:00-04:00,147.7859344482422
2021-11-05 00:00:00-04:00,148.3153533935547
2021-11-08 00:00:00-05:00,147.4918212890625
2021-11-09 00:00:00-05:00,147.85458374023438
2021-11-10 00:00:00-05:00,145.02120971679688
2021-11-11 00:00:00-05:00,144.97216796875
2021-11-12 00:00:00-05:00,147.05064392089844
2021-11-15 00:00:00-05:00,147.06044006347656
2021-11-16 00:00:00-05:00,148.04086303710938
2021-11-17 00:00:00-05:00,150.48207092285156
2021-11-18 00:00:00-05:00,154.7761688232422
2021-11-19 00:00:00-05:00,157.40370178222656
2021-11-22 00:00:00-05:00,157.8644561767578
2021-11-23 00:00:00-05:00,158.24684143066406
2021-11-24 00:00:00-05:00,158.76641845703125
2021-11-26 00:00:00-05:00,153.73696899414062
2021-11-29 00:00:00-05:00,157.09976196289062
2021-11-30 00:00:00-05:00,162.0605926513672
2021-12-01 00:00:00-05:00,161.54098510742188
2021-12-02 00:00:00-05:00,160.55078125
2021-12-03 00:00:00-05:00,158.66842651367188
2021-12-06 00:00:00-05:00,162.08021545410156
2021-12-07 00:00:00-05:00,167.8253631591797
2021-12-08 00:00:00-05:00,171.64894104003906
2021-12-09 00:00:00-05:00,171.13909912109375
2021-12-10 00:00:00-05:00,175.93331909179688
2021-12-13 00:00:00-05:00,172.2960205078125
2021-12-14 00:00:00-05:00,170.91363525390625
2021-12-15 00:00:00-05:00,175.78622436523438
2021-12-16 00:00:00-05:00,168.88418579101562
2021-12-17 00:00:00-05:00,167.7861785888672
2021-12-20 00:00:00-05:00,166.4234161376953
2021-12-21 00:00:00-05:00,169.59991455078125
2021-12-22 00:00:00-05:00,172.197998046875
2021-12-23 00:00:00-05:00,172.82542419433594
2021-12-27 00:00:00-05:00,176.7960662841797
2021-12-28 00:00:00-05:00,175.77642822265625
2021-12-29 00:00:00-05:00,175.8647003173828
2021-12-30 00:00:00-05:00,174.70782470703125
2021-12-31 00:00:00-05:00,174.09017944335938
2022-01-03 00:00:00-05:00,178.4431610107422
2022-01-04 00:00:00-05:00,176.1783905029297
2022-01-05 00:00:00-05:00,171.4920654296875
2022-01-06 00:00:00-05:00,168.62933349609375
2022-01-07 00:00:00-05:00,168.7959442138672
2022-01-10 00:00:00-05:00,168.81556701660156
2022-01-11 00:00:00-05:00,171.64894104003906
2022-01-12 00:00:00-05:00,172.0901336669922
2022-01-13 00:00:00-05:00,168.81556701660156
2022-01-14 00:00:00-05:00,169.67835998535156
2022-01-18 00:00:00-05:00,166.472412109375
2022-01-19 00:00:00-05:00,162.97239685058594
2022-01-20 00:00:00-05:00,161.2860870361328
2022-01-21 00:00:00-05:00,159.22723388671875
2022-01-24 00:00:00-05:00,158.45272827148438
2022-01-25 00:00:00-05:00,156.64877319335938
2022-01-26 00:00:00-05:00,156.56057739257812
2022-01-27 00:00:00-05:00,156.09976196289062
2022-01-28 00:00:00-05:00,166.99203491210938
2022-01-31 00:00:00-05:00,171.3548126220703
2022-02-01 00:00:00-05:00,171.1881561279297
2022-02-02 00:00:00-05:00,172.39404296875
2022-02-03 00:00:00-05:00,169.5116424560547
2022-02-04 00:00:00-05:00,169.22698974609375
2022-02-07 00:00:00-05:00,168.51039123535156
2022-02-08 00:00:00-05:00,171.62222290039062
2022-02-09 00:00:00-05:00,173.0456085205078
2022-02-10 00:00:00-05:00,168.96194458007812
2022-02-11 00:00:00-05:00,165.54579162597656
2022-02-14 00:00:00-05:00,165.78140258789062
2022-02-15 00:00:00-05:00,169.61961364746094
2022-02-16 00:00:00-05:00,169.38404846191406
2022-02-17 00:00:00-05:00,165.78140258789062
2022-02-18 00:00:00-05:00,164.23036193847656
2022-02-22 00:00:00-05:00,161.3050537109375
2022-02-23 00:00:00-05:00,157.133056640625
2022-02-24 00:00:00-05:00,159.75404357910156
2022-02-25 00:00:00-05:00,161.8253173828125
2022-02-28 00:00:00-05:00,162.0903778076172
2022-03-01 00:00:00-05:00,160.20558166503906
2022-03-02 00:00:00-05:00,163.50393676757812
2022-03-03 00:00:00-05:00,163.1800079345703
2022-03-04 00:00:00-05:00,160.1761474609375
2022-03-07 00:00:00-05:00,156.37718200683594
2022-03-08 00:00:00-05:00,154.55128479003906
2022-03-09 00:00:00-05:00,159.96017456054688
2022-03-10 00:00:00-05:00,155.61148071289062
2022-03-11 00:00:00-05:00,151.8910369873047
2022-03-14 00:00:00-04:00,147.85641479492188
2022-03-15 00:00:00-04:00,152.24441528320312
2022-03-16 00:00:00-04:00,156.6618194580078
2022-03-17 00:00:00-04:00,157.6729736328125
2022-03-18 00:00:00-04:00,160.9712677001953
2022-03-21 00:00:00-04:00,162.34564208984375
2022-03-22 00:00:00-04:00,165.72247314453125
2022-03-23 00:00:00-04:00,167.0869598388672
2022-03-24 00:00:00-04:00,170.87619018554688
2022-03-25 00:00:00-04:00,171.5142364501953
2022-03-28 00:00:00-04:00,172.3780975341797
2022-03-29 00:00:00-04:00,175.6764373779297
2022-03-30 00:00:00-04:00,174.50828552246094
2022-03-31 00:00:00-04:00,171.40626525878906
2022-04-01 00:00:00-04:00,171.11175537109375
2022-04-04 00:00:00-04:00,175.16598510742188
2022-04-05 00:00:00-04:00,171.84799194335938
2022-04-06 00:00:00-04:00,168.67723083496094
2022-04-07 00:00:00-04:00,168.98158264160156
2022-04-08 00:00:00-04:00,166.9691925048828
2022-04-11 00:00:00-04:00,162.70880126953125
2022-04-12 00:00:00-04:00,164.5837860107422
2022-04-13 00:00:00-04:00,167.2735137939453
2022-04-14 00:00:00-04:00,162.2572479248047
2022-04-18 00:00:00-04:00,162.0413055419922
2022-04-19 00:00:00-04:00,164.32852172851562
2022-04-20 00:00:00-04:00,164.16168212890625
2022-04-21 00:00:00-04:00,163.3665008544922
2022-04-22 00:00:00-04:00,158.82147216796875
2022-04-25 00:00:00-04:00,159.89149475097656
2022-04-26 00:00:00-04:00,153.92303466796875
2022-04-27 00:00:00-04:00,153.697265625
2022-04-28 00:00:00-04:00,160.63754272460938
2022-04-29 00:00:00-04:00,154.75743103027344
2022-05-02 00:00:00-04:00,155.06178283691406
2022-05-03 00:00:00-04:00,156.55384826660156
2022-05-04 00:00:00-04:00,162.97384643554688
2022-05-05 00:00:00-04:00,153.8936004638672
2022-05-06 00:00:00-04:00,154.62106323242188
2022-05-09 00:00:00-04:00,149.48931884765625
2022-05-10 00:00:00-04:00,151.8978729248047
2022-05-11 00:00:00-04:00,144.0233154296875
2022-05-12 00:00:00-04:00,140.14991760253906
2022-05-13 00:00:00-04:00,144.6229705810547
2022-05-16 00:00:00-04:00,143.0795440673828
2022-05-17 00:00:00-04:00,146.71701049804688
2022-05-18 00:00:00-04:00,138.4393310546875
2022-05-19 00:00:00-04:00,135.02801513671875
2022-05-20 00:00:00-04:00,135.26393127441406
2022-05-23 00:00:00-04:00,140.6906280517578
2022-05-24 00:00:00-04:00,137.9871368408203
2022-05-25 00:00:00-04:00,138.14439392089844
2022-05-26 00:00:00-04:00,141.34930419921875
2022-05-27 00:00:00-04:00,147.1102294921875
2022-05-31 00:00:00-04:00,146.32373046875
2022-06-01 00:00:00-04:00,146.1959686279297
2022-06-02 00:00:00-04:00,148.6536865234375
2022-06-03 00:00:00-04:00,142.92227172851562
2022-06-06 00:00:00-04:00,143.6693878173828
2022-06-07 00:00:00-04:00,146.1959686279297
2022-06-08 00:00:00-04:00,145.45863342285156
2022-06-09 00:00:00-04:00,140.2285919189453
2022-06-10 00:00:00-04:00,134.8117218017578
2022-06-13 00:00:00-04:00,129.65048217773438
2022-06-14 00:00:00-04:00,130.5155792236328
2022-06-15 00:00:00-04:00,133.14044189453125
2022-06-16 00:00:00-04:00,127.86123657226562
2022-06-17 00:00:00-04:00,129.3358917236328
2022-06-21 00:00:00-04:00,133.57302856445312
2022-06-22 00:00:00-04:00,133.06182861328125
2022-06-23 00:00:00-04:00,135.93246459960938
2022-06-24 00:00:00-04:00,139.26513671875
2022-06-27 00:00:00-04:00,139.26513671875
2022-06-28 00:00:00-04:00,135.11648559570312
2022-06-29 00:00:00-04:00,136.87623596191406
2022-06-30 00:00:00-04:00,134.40866088867188
2022-07-01 00:00:00-04:00,136.581298828125
2022-07-05 00:00:00-04:00,139.16685485839844
2022-07-06 00:00:00-04:00,140.50384521484375
2022-07-07 00:00:00-04:00,143.8758544921875
2022-07-08 00:00:00-04:00,144.5541534423828
2022-07-11 00:00:00-04:00,142.42086791992188
2022-07-12 00:00:00-04:00,143.39414978027344
2022-07-13 00:00:00-04:00,143.03041076660156
2022-07-14 00:00:00-04:00,145.96002197265625
2022-07-15 00:00:00-04:00,147.63128662109375
2022-07-18 00:00:00-04:00,144.5836639404297
2022-07-19 00:00:00-04:00,148.44723510742188
2022-07-20 00:00:00-04:00,150.45274353027344
2022-07-21 00:00:00-04:00,152.7237091064453
2022-07-22 00:00:00-04:00,151.48500061035156
2022-07-25 00:00:00-04:00,150.3642578125
2022-07-26 00:00:00-04:00,149.03709411621094
2022-07-27 00:00:00-04:00,154.1393280029297
2022-07-28 00:00:00-04:00,154.68991088867188
2022-07-29 00:00:00-04:00,159.76266479492188
2022-08-01 00:00:00-04:00,158.779541015625
2022-08-02 00:00:00-04:00,157.30490112304688
2022-08-03 00:00:00-04:00,163.32147216796875
2022-08-04 00:00:00-04:00,163.0068359375
2022-08-05 00:00:00-04:00,162.78045654296875
2022-08-08 00:00:00-04:00,162.30789184570312
2022-08-09 00:00:00-04:00,162.3571319580078
2022-08-10 00:00:00-04:00,166.6099853515625
2022-08-11 00:00:00-04:00,165.87164306640625
2022-08-12 00:00:00-04:00,169.42556762695312
2022-08-15 00:00:00-04:00,170.49859619140625
2022-08-16 00:00:00-04:00,170.34109497070312
2022-08-17 00:00:00-04:00,171.83746337890625
2022-08-18 00:00:00-04:00,171.4436492919922
2022-08-19 00:00:00-04:00,168.85455322265625
2022-08-22 00:00:00-04:00,164.9659423828125
2022-08-23 00:00:00-04:00,164.63119506835938
2022-08-24 00:00:00-04:00,164.9265594482422
2022-08-25 00:00:00-04:00,167.38771057128906
2022-08-26 00:00:00-04:00,161.07733154296875
2022-08-29 00:00:00-04:00,158.87213134765625
2022-08-30 00:00:00-04:00,156.4405059814453
2022-08-31 00:00:00-04:00,154.7767791748047
2022-09-01 00:00:00-04:00,155.50526428222656
2022-09-02 00:00:00-04:00,153.3887176513672
2022-09-06 00:00:00-04:00,152.1285858154297
2022-09-07 00:00:00-04:00,153.53636169433594
2022-09-08 00:00:00-04:00,152.05967712402344
2022-09-09 00:00:00-04:00,154.9244384765625
2022-09-12 00:00:00-04:00,160.8902587890625
2022-09-13 00:00:00-04:00,151.44931030273438
2022-09-14 00:00:00-04:00,152.89646911621094
2022-09-15 00:00:00-04:00,150.00213623046875
2022-09-16 00:00:00-04:00,148.3581085205078
2022-09-19 00:00:00-04:00,152.079345703125
2022-09-20 00:00:00-04:00,154.46176147460938
2022-09-21 00:00:00-04:00,151.33119201660156
2022-09-22 00:00:00-04:00,150.36642456054688
2022-09-23 00:00:00-04:00,148.09226989746094
2022-09-26 00:00:00-04:00,148.42703247070312
2022-09-27 00:00:00-04:00,149.40164184570312
2022-09-28 00:00:00-04:00,147.51145935058594
2022-09-29 00:00:00-04:00,140.26583862304688
2022-09-30 00:00:00-04:00,136.0523681640625
2022-10-03 00:00:00-04:00,140.23629760742188
2022-10-04 00:00:00-04:00,143.82957458496094
2022-10-05 00:00:00-04:00,144.12490844726562
2022-10-06 00:00:00-04:00,143.1699981689453
2022-10-07 00:00:00-04:00,137.9129638671875
2022-10-10 00:00:00-04:00,138.23785400390625
2022-10-11 00:00:00-04:00,136.82022094726562
2022-10-12 00:00:00-04:00,136.19021606445312
2022-10-13 00:00:00-04:00,140.7679443359375
2022-10-14 00:00:00-04:00,136.22958374023438
2022-10-17 00:00:00-04:00,140.19692993164062
2022-10-18 00:00:00-04:00,141.51609802246094
2022-10-19 00:00:00-04:00,141.62437438964844
2022-10-20 00:00:00-04:00,141.16172790527344
2022-10-21 00:00:00-04:00,144.98141479492188
2022-10-24 00:00:00-04:00,147.12753295898438
2022-10-25 00:00:00-04:00,149.9726104736328
2022-10-26 00:00:00-04:00,147.02906799316406
2022-10-27 00:00:00-04:00,142.5498046875
2022-10-28 00:00:00-04:00,153.31979370117188
2022-10-31 00:00:00-04:00,150.95706176757812
2022-11-01 00:00:00-04:00,148.30885314941406
2022-11-02 00:00:00-04:00,142.77621459960938
2022-11-03 00:00:00-04:00,136.7218017578125
2022-11-04 00:00:00-04:00,136.45556640625
2022-11-07 00:00:00-05:00,136.98800659179688
2022-11-08 00:00:00-05:00,137.5599822998047
2022-11-09 00:00:00-05:00,132.99435424804688
2022-11-10 00:00:00-05:00,144.8274688720703
2022-11-11 00:00:00-05:00,147.6181182861328
2022-11-14 00:00:00-05:00,146.21786499023438
2022-11-15 00:00:00-05:00,147.95338439941406
2022-11-16 00:00:00-05:00,146.7207489013672
2022-11-17 00:00:00-05:00,148.62391662597656
2022-11-18 00:00:00-05:00,149.18600463867188
2022-11-21 00:00:00-05:00,145.95164489746094
2022-11-22 00:00:00-05:00,148.09141540527344
2022-11-23 00:00:00-05:00,148.96905517578125
2022-11-25 00:00:00-05:00,146.0502471923828
2022-11-28 00:00:00-05:00,142.2143096923828
2022-11-29 00:00:00-05:00,139.2067413330078
2022-11-30 00:00:00-05:00,145.9713592529297
2022-12-01 00:00:00-05:00,146.2474365234375
2022-12-02 00:00:00-05:00,145.75440979003906
2022-12-05 00:00:00-05:00,144.59083557128906
2022-12-06 00:00:00-05:00,140.92254638671875
2022-12-07 00:00:00-05:00,138.97994995117188
2022-12-08 00:00:00-05:00,140.66615295410156
2022-12-09 00:00:00-05:00,140.18296813964844
2022-12-12 00:00:00-05:00,142.4805908203125
2022-12-13 00:00:00-05:00,143.4469757080078
2022-12-14 00:00:00-05:00,141.21839904785156
2022-12-15 00:00:00-05:00,134.6016845703125
2022-12-16 00:00:00-05:00,132.6393585205078
2022-12-19 00:00:00-05:00,130.52911376953125
2022-12-20 00:00:00-05:00,130.46011352539062
2022-12-21 00:00:00-05:00,133.56629943847656
2022-12-22 00:00:00-05:00,130.39105224609375
2022-12-23 00:00:00-05:00,130.02622985839844
2022-12-27 00:00:00-05:00,128.22166442871094
2022-12-28 00:00:00-05:00,124.28714752197266
2022-12-29 00:00:00-05:00,127.8075180053711
2022-12-30 00:00:00-05:00,128.12306213378906
2023-01-03 00:00:00-05:00,123.33063507080078
2023-01-04 00:00:00-05:00,124.60271453857422
2023-01-05 00:00:00-05:00,123.28134155273438
2023-01-06 00:00:00-05:00,127.81736755371094
2023-01-09 00:00:00-05:00,128.33998107910156
2023-01-10 00:00:00-05:00,128.9119415283203
2023-01-11 00:00:00-05:00,131.63352966308594
2023-01-12 00:00:00-05:00,131.55465698242188
2023-01-13 00:00:00-05:00,132.8858642578125
2023-01-17 00:00:00-05:00,134.0494842529297
2023-01-18 00:00:00-05:00,133.3296356201172
2023-01-19 00:00:00-05:00,133.3887939453125
2023-01-20 00:00:00-05:00,135.95260620117188
2023-01-23 00:00:00-05:00,139.14756774902344
2023-01-24 00:00:00-05:00,140.54782104492188
2023-01-25 00:00:00-05:00,139.88714599609375
2023-01-26 00:00:00-05:00,141.9579620361328
2023-01-27 00:00:00-05:00,143.90052795410156
2023-01-30 00:00:00-05:00,141.01129150390625
2023-01-31 00:00:00-05:00,142.28334045410156
2023-02-01 00:00:00-05:00,143.40750122070312
2023-02-02 00:00:00-05:00,148.72251892089844
2023-02-03 00:00:00-05:00,152.3513641357422
2023-02-06 00:00:00-05:00,149.61990356445312
2023-02-07 00:00:00-05:00,152.49928283691406
2023-02-08 00:00:00-05:00,149.80723571777344
2023-02-09 00:00:00-05:00,148.77186584472656
2023-02-10 00:00:00-05:00,149.13726806640625
2023-02-13 00:00:00-05:00,151.94204711914062
2023-02-14 00:00:00-05:00,151.30010986328125
2023-02-15 00:00:00-05:00,153.40370178222656
2023-02-16 00:00:00-05:00,151.8037872314453
2023-02-17 00:00:00-05:00,150.65817260742188
2023-02-21 00:00:00-05:00,146.63861083984375
2023-02-22 00:00:00-05:00,147.06329345703125
2023-02-23 00:00:00-05:00,147.54721069335938
2023-02-24 00:00:00-05:00,144.8905792236328
2023-02-27 00:00:00-05:00,146.08560180664062
2023-02-28 00:00:00-05:00,145.5819091796875
2023-03-01 00:00:00-05:00,143.5079345703125
2023-03-02 00:00:00-05:00,144.10049438476562
2023-03-03 00:00:00-05:00,149.156982421875
2023-03-06 00:00:00-05:00,151.92227172851562
2023-03-07 00:00:00-05:00,149.71994018554688
2023-03-08 00:00:00-05:00,150.9741973876953
2023-03-09 00:00:00-05:00,148.72244262695312
2023-03-10 00:00:00-05:00,146.65838623046875
2023-03-13 00:00:00-04:00,148.60394287109375
2023-03-14 00:00:00-04:00,150.69766235351562
2023-03-15 00:00:00-04:00,151.09271240234375
2023-03-16 00:00:00-04:00,153.917236328125
2023-03-17 00:00:00-04:00,153.0777587890625
2023-03-20 00:00:00-04:00,155.44801330566406
2023-03-21 00:00:00-04:00,157.3046875
2023-03-22 00:00:00-04:00,155.87271118164062
2023-03-23 00:00:00-04:00,156.95904541015625
2023-03-24 00:00:00-04:00,158.26268005371094
2023-03-27 00:00:00-04:00,156.3170928955078
2023-03-28 00:00:00-04:00,155.69491577148438
2023-03-29 00:00:00-04:00,158.7762451171875
2023-03-30 00:00:00-04:00,160.34649658203125
2023-03-31 00:00:00-04:00,162.85501098632812
2023-04-03 00:00:00-04:00,164.10926818847656
2023-04-04 00:00:00-04:00,163.57595825195312
2023-04-05 00:00:00-04:00,161.72914123535156
2023-04-06 00:00:00-04:00,162.61798095703125
2023-04-10 00:00:00-04:00,160.02056884765625
2023-04-11 00:00:00-04:00,158.8058624267578
2023-04-12 00:00:00-04:00,158.11453247070312
2023-04-13 00:00:00-04:00,163.50680541992188
2023-04-14 00:00:00-04:00,163.16119384765625
2023-04-17 00:00:00-04:00,163.18089294433594
2023-04-18 00:00:00-04:00,164.40554809570312
2023-04-19 00:00:00-04:00,165.55116271972656
2023-04-20 00:00:00-04:00,164.5832977294922
2023-04-21 00:00:00-04:00,162.9735107421875
2023-04-24 00:00:00-04:00,163.2797088623047
2023-04-25 00:00:00-04:00,161.739013671875
2023-04-26 00:00:00-04:00,161.72914123535156
2023-04-27 00:00:00-04:00,166.3214874267578
2023-04-28 00:00:00-04:00,167.57571411132812
2023-05-01 00:00:00-04:00,167.48681640625
2023-05-02 00:00:00-04:00,166.44985961914062
2023-05-03 00:00:00-04:00,165.37338256835938
2023-05-04 00:00:00-04:00,163.7339630126953
2023-05-05 00:00:00-04:00,171.41748046875
2023-05-08 00:00:00-04:00,171.3483428955078
2023-05-09 00:00:00-04:00,169.6398468017578
2023-05-10 00:00:00-04:00,171.4075927734375
2023-05-11 00:00:00-04:00,171.5952606201172
2023-05-12 00:00:00-04:00,170.6656036376953
2023-05-15 00:00:00-04:00,170.17112731933594
2023-05-16 00:00:00-04:00,170.17112731933594
2023-05-17 00:00:00-04:00,170.7843017578125
2023-05-18 00:00:00-04:00,173.1182403564453
2023-05-19 00:00:00-04:00,173.22703552246094
2023-05-22 00:00:00-04:00,172.27761840820312
2023-05-23 00:00:00-04:00,169.666748046875
2023-05-24 00:00:00-04:00,169.9436798095703
2023-05-25 00:00:00-04:00,171.08099365234375
2023-05-26 00:00:00-04:00,173.49404907226562
2023-05-30 00:00:00-04:00,175.3434295654297
2023-05-31 00:00:00-04:00,175.2939453125
2023-06-01 00:00:00-04:00,178.10263061523438
2023-06-02 00:00:00-04:00,178.953125
2023-06-05 00:00:00-04:00,177.59828186035156
2023-06-06 00:00:00-04:00,177.23236083984375
2023-06-07 00:00:00-04:00,175.85768127441406
2023-06-08 00:00:00-04:00,178.5773468017578
2023-06-09 00:00:00-04:00,178.9630126953125
2023-06-12 00:00:00-04:00,181.7617950439453
2023-06-13 00:00:00-04:00,181.28707885742188
2023-06-14 00:00:00-04:00,181.92002868652344
2023-06-15 00:00:00-04:00,183.95730590820312
2023-06-16 00:00:00-04:00,182.87933349609375
2023-06-20 00:00:00-04:00,182.9683074951172
2023-06-21 00:00:00-04:00,181.92994689941406
2023-06-22 00:00:00-04:00,184.93637084960938
2023-06-23 00:00:00-04:00,184.61990356445312
2023-06-26 00:00:00-04:00,183.22547912597656
2023-06-27 00:00:00-04:00,185.98468017578125
2023-06-28 00:00:00-04:00,187.1615447998047
2023-06-29 00:00:00-04:00,187.49777221679688
2023-06-30 00:00:00-04:00,191.8294677734375
2023-07-03 00:00:00-04:00,190.33615112304688
2023-07-05 00:00:00-04:00,189.2185821533203
2023-07-06 00:00:00-04:00,189.69329833984375
2023-07-07 00:00:00-04:00,188.5757293701172
2023-07-10 00:00:00-04:00,186.5286407470703
2023-07-11 00:00:00-04:00,186.00445556640625
2023-07-12 00:00:00-04:00,187.67579650878906
2023-07-13 00:00:00-04:00,188.4373016357422
2023-07-14 00:00:00-04:00,188.5856475830078
2023-07-17 00:00:00-04:00,191.8492431640625
2023-07-18 00:00:00-04:00,191.5921173095703
2023-07-19 00:00:00-04:00,192.9469757080078
2023-07-20 00:00:00-04:00,190.99874877929688
2023-07-21 00:00:00-04:00,189.82186889648438
2023-07-24 00:00:00-04:00,190.6229248046875
2023-07-25 00:00:00-04:00,191.4833221435547
2023-07-26 00:00:00-04:00,192.35360717773438
2023-07-27 00:00:00-04:00,191.08773803710938
2023-07-28 00:00:00-04:00,193.66891479492188
2023-07-31 00:00:00-04:00,194.28211975097656
2023-08-01 00:00:00-04:00,193.4513702392578
2023-08-02 00:00:00-04:00,190.4547882080078
2023-08-03 00:00:00-04:00,189.06036376953125
2023-08-04 00:00:00-04:00,179.98165893554688
2023-08-07 00:00:00-04:00,176.87632751464844
2023-08-08 00:00:00-04:00,177.8158416748047
2023-08-09 00:00:00-04:00,176.22360229492188
2023-08-10 00:00:00-04:00,176.0060272216797
2023-08-11 00:00:00-04:00,176.06546020507812
2023-08-14 00:00:00-04:00,177.7192840576172
2023-08-15 00:00:00-04:00,175.72874450683594
2023-08-16 00:00:00-04:00,174.85728454589844
2023-08-17 00:00:00-04:00,172.31222534179688
2023-08-18 00:00:00-04:00,172.79750061035156
2023-08-21 00:00:00-04:00,174.13436889648438
2023-08-22 00:00:00-04:00,175.51089477539062
2023-08-23 00:00:00-04:00,179.36314392089844
2023-08-24 00:00:00-04:00,174.6691436767578
2023-08-25 00:00:00-04:00,176.87750244140625
2023-08-28 00:00:00-04:00,178.44216918945312
2023-08-29 00:00:00-04:00,182.3340301513672
2023-08-30 00:00:00-04:00,185.82980346679688
2023-08-31 00:00:00-04:00,186.0476531982422
2023-09-01 00:00:00-04:00,187.6222381591797
2023-09-05 00:00:00-04:00,187.85989379882812
2023-09-06 00:00:00-04:00,181.1357879638672
2023-09-07 00:00:00-04:00,175.83767700195312
2023-09-08 00:00:00-04:00,176.45164489746094
2023-09-11 00:00:00-04:00,177.62020874023438
2023-09-12 00:00:00-04:00,174.5898895263672
2023-09-13 00:00:00-04:00,172.5201873779297
2023-09-14 00:00:00-04:00,174.03533935546875
2023-09-15 00:00:00-04:00,173.31239318847656
2023-09-18 00:00:00-04:00,176.2436981201172
2023-09-19 00:00:00-04:00,177.33303833007812
2023-09-20 00:00:00-04:00,173.78775024414062
2023-09-21 00:00:00-04:00,172.2428741455078
2023-09-22 00:00:00-04:00,173.09454345703125
2023-09-25 00:00:00-04:00,174.3720245361328
2023-09-26 00:00:00-04:00,170.29202270507812
2023-09-27 00:00:00-04:00,168.77682495117188
2023-09-28 00:00:00-04:00,169.03431701660156
2023-09-29 00:00:00-04:00,169.5492706298828
2023-10-02 00:00:00-04:00,172.06463623046875
2023-10-03 00:00:00-04:00,170.7277374267578
2023-10-04 00:00:00-04:00,171.97549438476562
2023-10-05 00:00:00-04:00,173.21339416503906
2023-10-06 00:00:00-04:00,175.7683563232422
2023-10-09 00:00:00-04:00,177.25381469726562
2023-10-10 00:00:00-04:00,176.65963745117188
2023-10-11 00:00:00-04:00,178.05596923828125
2023-10-12 00:00:00-04:00,178.95712280273438
2023-10-13 00:00:00-04:00,177.11520385742188
2023-10-16 00:00:00-04:00,176.98641967773438
2023-10-17 00:00:00-04:00,175.43167114257812
2023-10-18 00:00:00-04:00,174.13436889648438
2023-10-19 00:00:00-04:00,173.75807189941406
2023-10-20 00:00:00-04:00,171.2030487060547
2023-10-23 00:00:00-04:00,171.32192993164062
2023-10-24 00:00:00-04:00,171.75762939453125
2023-10-25 00:00:00-04:00,169.44033813476562
2023-10-26 00:00:00-04:00,165.2711639404297
2023-10-27 00:00:00-04:00,166.58828735351562
2023-10-30 00:00:00-04:00,168.63818359375
2023-10-31 00:00:00-04:00,169.11354064941406
2023-11-01 00:00:00-04:00,172.28248596191406
2023-11-02 00:00:00-04:00,175.84756469726562
2023-11-03 00:00:00-04:00,174.93649291992188
2023-11-06 00:00:00-05:00,177.49148559570312
2023-11-07 00:00:00-05:00,180.0563507080078
2023-11-08 00:00:00-05:00,181.115966796875
2023-11-09 00:00:00-05:00,180.64064025878906
2023-11-10 00:00:00-05:00,184.83511352539062
2023-11-13 00:00:00-05:00,183.24855041503906
2023-11-14 00:00:00-05:00,185.8664093017578
2023-11-15 00:00:00-05:00,186.4315948486328
2023-11-16 00:00:00-05:00,188.1173553466797
2023-11-17 00:00:00-05:00,188.0974884033203
2023-11-20 00:00:00-05:00,189.8427276611328
2023-11-21 00:00:00-05:00,189.03952026367188
2023-11-22 00:00:00-05:00,189.7039031982422
2023-11-24 00:00:00-05:00,188.37515258789062
2023-11-27 00:00:00-05:00,188.1966552734375
2023-11-28 00:00:00-05:00,188.80152893066406
2023-11-29 00:00:00-05:00,187.78016662597656
2023-11-30 00:00:00-05:00,188.3553009033203
2023-12-01 00:00:00-05:00,189.63450622558594
2023-12-04 00:00:00-05:00,187.83969116210938
2023-12-05 00:00:00-05:00,191.7961883544922
2023-12-06 00:00:00-05:00,190.7054443359375
2023-12-07 00:00:00-05:00,192.63905334472656
2023-12-08 00:00:00-05:00,194.0669708251953
2023-12-11 00:00:00-05:00,191.55819702148438
2023-12-12 00:00:00-05:00,193.07537841796875
2023-12-13 00:00:00-05:00,196.29806518554688
2023-12-14 00:00:00-05:00,196.4468231201172
2023-12-15 00:00:00-05:00,195.91134643554688
2023-12-18 00:00:00-05:00,194.24545288085938
2023-12-19 00:00:00-05:00,195.28665161132812
2023-12-20 00:00:00-05:00,193.19435119628906
2023-12-21 00:00:00-05:00,193.04559326171875
2023-12-22 00:00:00-05:00,191.97467041015625
2023-12-26 00:00:00-05:00,191.42930603027344
2023-12-27 00:00:00-05:00,191.52845764160156
2023-12-28 00:00:00-05:00,191.954833984375
2023-12-29 00:00:00-05:00,190.9136505126953
